id,label,segmentColors
,label,string
,Label from FreeSurfer,Look-up table from FreeSurfer
0,Unknown,#000000
1,Left-Cerebral-Exterior,#4682B4
2,Left-Cerebral-White-Matter,#F5F5F5
3,Left-Cerebral-Cortex,#CD3E4E
4,Left-Lateral-Ventricle,#781286
5,Left-Inf-Lat-Vent,#C43AFA
6,Left-Cerebellum-Exterior,#009400
7,Left-Cerebellum-White-Matter,#DCF8A4
8,Left-Cerebellum-Cortex,#E69422
9,Left-Thalamus-unused,#00760E
10,Left-Thalamus,#00760E
11,Left-Caudate,#7ABADC
12,Left-Putamen,#EC0DB0
13,Left-Pallidum,#0C30FF
14,3rd-Ventricle,#CCB68E
15,4th-Ventricle,#2ACCA4
16,Brain-Stem,#779FB0
17,Left-Hippocampus,#DCD814
18,Left-Amygdala,#67FFFF
19,Left-Insula,#50C462
20,Left-Operculum,#3C3AD2
21,Line-1,#3C3AD2
22,Line-2,#3C3AD2
23,Line-3,#3C3AD2
24,CSF,#3C3C3C
25,Left-Lesion,#FFA500
26,Left-Accumbens-area,#FFA500
27,Left-Substancia-Nigra,#00FF7F
28,Left-VentralDC,#912A2A
29,Left-undetermined,#87CEEB
30,Left-vessel,#A020F0
31,Left-choroid-plexus,#00C8C8
32,Left-F3orb,#643264
33,Left-aOg,#7A8732
34,Left-WMCrowns,#E1E1FF
35,Left-mOg,#333287
36,Left-pOg,#4A9B3C
37,Left-Stellate,#783E2B
38,Left-Porg,#4A9B3C
39,Left-Aorg,#7A8732
40,Right-Cerebral-Exterior,#4682B4
41,Right-Cerebral-White-Matter,#F5F5F5
42,Right-Cerebral-Cortex,#CD3E4E
43,Right-Lateral-Ventricle,#781286
44,Right-Inf-Lat-Vent,#C43AFA
45,Right-Cerebellum-Exterior,#009400
46,Right-Cerebellum-White-Matter,#DCF8A4
47,Right-Cerebellum-Cortex,#E69422
48,Right-Thalamus-unused,#00760E
49,Right-Thalamus,#00760E
50,Right-Caudate,#7ABADC
51,Right-Putamen,#EC0DB0
52,Right-Pallidum,#0D30FF
53,Right-Hippocampus,#DCD814
54,Right-Amygdala,#67FFFF
55,Right-Insula,#50C462
56,Right-Operculum,#3C3AD2
57,Right-Lesion,#FFA500
58,Right-Accumbens-area,#FFA500
59,Right-Substancia-Nigra,#00FF7F
60,Right-VentralDC,#A52A2A
61,Right-undetermined,#87CEEB
62,Right-vessel,#A020F0
63,Right-choroid-plexus,#00C8DD
64,Right-F3orb,#643264
65,Right-lOg,#87324A
66,Right-WMCrowns,#D7D7FF
67,Right-mOg,#333287
68,Right-pOg,#4A9B3C
69,Right-Stellate,#783E2B
70,Right-Porg,#4A9B3C
71,Right-Aorg,#7A8732
72,5th-Ventricle,#78BE96
73,Left-Interior,#7A8732
74,Right-Interior,#7A8732
75,Left-Locus-Coeruleus,#5B61FF
76,Right-Locus-Coeruleus,#0007DA
77,WM-hypointensities,#C846FF
78,Left-WM-hypointensities,#FF940A
79,Right-WM-hypointensities,#FF940A
80,non-WM-hypointensities,#A46CE2
81,Left-non-WM-hypointensities,#A46CE2
82,Right-non-WM-hypointensities,#A46CE2
83,Left-F1,#FFDAB9
84,Right-F1,#FFDAB9
85,Optic-Chiasm,#EAA91E
192,Corpus_Callosum,#AAFFFF
86,Left_future_WMSA,#C878FF
87,Right_future_WMSA,#C879FF
88,future_WMSA,#C87AFF
96,Left-Amygdala-Anterior,#CD0A7D
97,Right-Amygdala-Anterior,#CD0A7D
98,Dura,#A020F0
99,Lesion,#FFA500
100,Left-wm-intensity-abnormality,#7C8CB2
101,Left-caudate-intensity-abnormality,#7D8CB2
102,Left-putamen-intensity-abnormality,#7E8CB2
103,Left-accumbens-intensity-abnormality,#7F8CB2
104,Left-pallidum-intensity-abnormality,#7C8DB2
105,Left-amygdala-intensity-abnormality,#7C8EB2
106,Left-hippocampus-intensity-abnormality,#7C8FB2
107,Left-thalamus-intensity-abnormality,#7C90B2
108,Left-VDC-intensity-abnormality,#7C8CB3
109,Right-wm-intensity-abnormality,#7C8CB2
110,Right-caudate-intensity-abnormality,#7D8CB2
111,Right-putamen-intensity-abnormality,#7E8CB2
112,Right-accumbens-intensity-abnormality,#7F8CB2
113,Right-pallidum-intensity-abnormality,#7C8DB2
114,Right-amygdala-intensity-abnormality,#7C8EB2
115,Right-hippocampus-intensity-abnormality,#7C8FB2
116,Right-thalamus-intensity-abnormality,#7C90B2
117,Right-VDC-intensity-abnormality,#7C8CB3
118,Epidermis,#FF1493
119,Conn-Tissue,#CDB38B
120,SC-Fat-Muscle,#EEEED1
121,Cranium,#C8C8C8
122,CSF-SA,#4AFF4A
123,Muscle,#EE0000
124,Ear,#00008B
125,Adipose,#ADFF2F
126,Spinal-Cord,#85CBE5
127,Soft-Tissue,#1AED39
128,Nerve,#228B22
129,Bone,#1E90FF
130,AirCavity,#C4A080
131,Orbital-Fat,#EE3B3B
132,Tongue,#DD27C8
133,Nasal-Structures,#EEAEEE
134,Globe,#FF0000
135,Teeth,#483D8B
136,Left-Caudate-Putamen,#152784
137,Right-Caudate-Putamen,#152784
138,Left-Claustrum,#418714
139,Right-Claustrum,#418714
140,Cornea,#8604A0
142,Diploe,#DDE244
143,Vitreous-Humor,#FFFFFE
144,Lens,#34D1E2
145,Aqueous-Humor,#EFA0DF
146,Outer-Table,#4682B4
147,Inner-Table,#4682B5
148,Periosteum,#8B795E
149,Endosteum,#E0E0E0
150,R-C-S,#FF0000
151,Iris,#CDCD00
152,SC-Adipose-Muscle,#EEEED1
153,SC-Tissue,#8B795E
154,Orbital-Adipose,#EE3B3B
155,Left-IntCapsule-Ant,#EE3B3B
156,Right-IntCapsule-Ant,#EE3B3B
157,Left-IntCapsule-Pos,#3E0ACD
158,Right-IntCapsule-Pos,#3E0ACD
159,Left-Cerebral-WM-unmyelinated,#00760E
160,Right-Cerebral-WM-unmyelinated,#00760E
161,Left-Cerebral-WM-myelinated,#DCD815
162,Right-Cerebral-WM-myelinated,#DCD815
163,Left-Subcortical-Gray-Matter,#7ABADC
164,Right-Subcortical-Gray-Matter,#7ABADC
165,Skull,#787878
166,Posterior-fossa,#0E30FF
167,Scalp,#A62A2A
168,Hematoma,#791286
169,Left-Basal-Ganglia,#EC0D7F
176,Right-Basal-Ganglia,#EC0D7E
170,brainstem,#779FB0
171,DCG,#7700B0
172,Vermis,#7764B0
173,Midbrain,#F2684C
174,Pons,#CEC33A
175,Medulla,#779FB0
177,Vermis-White-Matter,#7732B0
178,SCP,#8EB600
179,Floculus,#1364B0
180,Left-Cortical-Dysplasia,#493D8B
181,Right-Cortical-Dysplasia,#493E8B
182,CblumNodulus,#0A64B0
183,Left-Vermis-Area,#7764B0
184,Right-Vermis-Area,#6477B0
193,Left-hippocampal_fissure,#00C4FF
194,Left-CADG-head,#FFA4A4
195,Left-subiculum,#C4C400
196,Left-fimbria,#0064FF
197,Right-hippocampal_fissure,#80C4A4
198,Right-CADG-head,#007E4B
199,Right-subiculum,#806040
200,Right-fimbria,#003280
201,alveus,#FFCC99
202,perforant_pathway,#FF8080
203,parasubiculum,#AFAF4B
204,presubiculum,#400040
205,subiculum,#0000FF
206,CA1,#FF0000
207,CA2,#8080FF
208,CA3,#008000
209,CA4,#C4A080
210,GC-DG,#20C8FF
211,HATA,#80FF80
212,fimbria,#CC99CC
213,lateral_ventricle,#791188
214,molecular_layer_HP,#800000
215,hippocampal_fissure,#8020FF
216,entorhinal_cortex,#FFCC66
217,molecular_layer_subiculum,#808080
218,Amygdala,#68FFFF
219,Cerebral_White_Matter,#00E200
220,Cerebral_Cortex,#CD3F4E
221,Inf_Lat_Vent,#C53AFA
222,Perirhinal,#2196FA
223,Cerebral_White_Matter_Edge,#E20000
224,Background,#646464
225,Ectorhinal,#C596FA
226,HP_tail,#AAAAFF
227,Polymorphic-Layer,#80FF80
228,Intracellular-Space,#CC99CC
229,molecular_layer_DG,#A80000
230,Prosubiculum,#FC8408
231,HP_body,#00FF00
232,HP_head,#FF0000
233,presubiculum-head,#200020
234,presubiculum-body,#400040
235,subiculum-head,#0000AF
236,subiculum-body,#0000FF
237,CA1-head,#AF4B4B
238,CA1-body,#FF0000
239,CA3-head,#005000
240,CA3-body,#008000
241,CA4-head,#785A32
242,CA4-body,#C4A080
243,GC-ML-DG-head,#4B7DAF
244,GC-ML-DG-body,#20C8FF
245,molecular_layer_HP-head,#641919
246,molecular_layer_HP-body,#800000
247,FreezeSurface,#0A6464
248,Gyrus_Fasciolaris,#005D00
249,Fasciola_Cinerea,#50FFEB
250,Fornix,#FF2AFA
251,CC_Posterior,#000040
252,CC_Mid_Posterior,#000070
253,CC_Central,#0000A0
254,CC_Mid_Anterior,#0000D0
255,CC_Anterior,#0000FF
256,Voxel-Unchanged,#000000
257,CSF-ExtraCerebral,#3C3C3C
258,Head-ExtraCerebral,#9696C8
259,Eye-Fluid,#3C3C3C
260,BoneOrAir,#779FB0
261,PossibleFluid,#781286
262,Sinus,#55557F
263,Left-Eustachian,#779FB0
264,Right-Eustachian,#779FB0
265,Left-Eyeball,#3C3C3C
266,Right-Eyeball,#3C3C3C
267,Pons-Belly-Area,#CEC33A
270,ctx-lh-infragranular,#CD464E
271,ctx-lh-layer1,#D2504E
272,ctx-lh-layer2,#D75A4E
273,ctx-lh-layer3,#DC644E
274,ctx-lh-layer4,#E16E4E
275,ctx-lh-layer5,#E6784E
276,ctx-lh-layer6,#EB874E
277,ctx-lh-supragranular,#F08C4E
278,SubiculumU,#1477A5
279,CA1U,#FF6C6C
280,CA2U,#A782C7
281,CA3U,#00CA00
331,Aorta,#FF0000
332,Left-Common-IliacA,#FF5000
333,Right-Common-IliacA,#FFA000
334,Left-External-IliacA,#FFFF00
335,Right-External-IliacA,#00FF00
336,Left-Internal-IliacA,#FF00A0
337,Right-Internal-IliacA,#FF00FF
338,Left-Lateral-SacralA,#FF3250
339,Right-Lateral-SacralA,#50FF32
340,Left-ObturatorA,#A0FF32
341,Right-ObturatorA,#A0C8FF
342,Left-Internal-PudendalA,#00FFA0
343,Right-Internal-PudendalA,#0000FF
344,Left-UmbilicalA,#5032FF
345,Right-UmbilicalA,#A000FF
346,Left-Inf-RectalA,#FFD200
347,Right-Inf-RectalA,#00A0FF
348,Left-Common-IliacV,#FFC850
349,Right-Common-IliacV,#FFC8A0
350,Left-External-IliacV,#FF50C8
351,Right-External-IliacV,#FFA0C8
352,Left-Internal-IliacV,#1EFF50
353,Right-Internal-IliacV,#50C8FF
354,Left-ObturatorV,#50FFC8
355,Right-ObturatorV,#C3FFC8
356,Left-Internal-PudendalV,#78C814
357,Right-Internal-PudendalV,#AA0AC8
358,Pos-Lymph,#1482B4
359,Neg-Lymph,#14B482
370,ctx-rh-infragranular,#CD4682
371,ctx-rh-layer1,#D25082
372,ctx-rh-layer2,#D75A82
373,ctx-rh-layer3,#DC6482
374,ctx-rh-layer4,#E16E82
375,ctx-rh-layer5,#E67882
376,ctx-rh-layer6,#EB8782
377,ctx-rh-supragranular,#F08C82
400,V1,#CE3E4E
401,V2,#791286
402,BA44,#C73AFA
403,BA45,#019400
404,BA4a,#DDF8A4
405,BA4p,#E79422
406,BA6,#01760E
407,BA2,#78760E
408,BA1_old,#7BBADD
409,BAun2,#EE0DB1
410,BA1,#7BBADC
411,BA2b,#8A0DCE
412,BA3a,#EE82B0
413,BA3b,#DAE64C
414,MT,#26D5B0
415,AIPS_AIP_l,#01E1B0
416,AIPS_AIP_r,#01E1B0
417,AIPS_VIP_l,#C80264
418,AIPS_VIP_r,#C80264
419,IPL_PFcm_l,#05C85A
420,IPL_PFcm_r,#05C85A
421,IPL_PF_l,#6405C8
422,IPL_PFm_l,#19FF64
423,IPL_PFm_r,#19FF64
424,IPL_PFop_l,#E60764
425,IPL_PFop_r,#E60764
426,IPL_PF_r,#6405C8
427,IPL_PFt_l,#960AC8
428,IPL_PFt_r,#960AC8
429,IPL_PGa_l,#AF0AB0
430,IPL_PGa_r,#AF0AB0
431,IPL_PGp_l,#0A64FF
432,IPL_PGp_r,#0A64FF
433,Visual_V3d_l,#962D46
434,Visual_V3d_r,#962D46
435,Visual_V4_l,#2DC80F
436,Visual_V4_r,#2DC80F
437,Visual_V5_b,#E32D64
438,Visual_VP_l,#E32D64
439,Visual_VP_r,#E32D64
498,wmsa,#8FBC8F
499,other_wmsa,#FFF8DC
500,right_CA2_3,#115588
501,right_alveus,#77BB66
502,right_CA1,#CC4422
503,right_fimbria,#CC00FF
504,right_presubiculum,#DDBB11
505,right_hippocampal_fissure,#99DDEE
506,right_CA4_DG,#331111
507,right_subiculum,#007755
508,right_fornix,#1464C8
550,left_CA2_3,#115589
551,left_alveus,#77BB67
552,left_CA1,#CC4423
553,left_fimbria,#CC00FE
554,left_presubiculum,#DDBB10
555,left_hippocampal_fissure,#99DDEF
556,left_CA4_DG,#331112
557,left_subiculum,#007756
558,left_fornix,#1464C9
559,Subcortical-Gray-Matter,#7BBBDD
600,Tumor,#FEFEFE
601,Cbm_Left_I_IV,#0045BE
602,Cbm_Right_I_IV,#46AAB4
603,Cbm_Left_V,#CD3E4E
604,Cbm_Right_V,#CD664E
605,Cbm_Left_VI,#C43AFA
606,Cbm_Vermis_VI,#009400
607,Cbm_Right_VI,#C462FA
608,Cbm_Left_CrusI,#E69422
609,Cbm_Vermis_CrusI,#00760E
610,Cbm_Right_CrusI,#E6BC22
611,Cbm_Left_CrusII,#7AC878
612,Cbm_Vermis_CrusII,#EC0DB0
613,Cbm_Right_CrusII,#7AF078
614,Cbm_Left_VIIb,#0095D0
615,Cbm_Vermis_VIIb,#2ACCA4
616,Cbm_Right_VIIb,#00BDD0
617,Cbm_Left_VIIIa,#DCCD14
618,Cbm_Vermis_VIIIa,#67FFFF
619,Cbm_Right_VIIIa,#DCF514
620,Cbm_Left_VIIIb,#3C3AD2
621,Cbm_Vermis_VIIIb,#3C3AD2
622,Cbm_Right_VIIIb,#3C62D2
623,Cbm_Left_IX,#5A8723
624,Cbm_Vermis_IX,#E13CA0
625,Cbm_Right_IX,#9EE913
626,Cbm_Left_X,#A52A2A
627,Cbm_Vermis_X,#00FF7F
628,Cbm_Right_X,#A5522A
630,Cbm_Vermis_VII,#E64919
631,Cbm_Vermis_VIII,#67FFFF
632,Cbm_Vermis,#E64919
640,Cbm_Right_I_V_med,#CC0000
641,Cbm_Right_I_V_mid,#FF0000
642,Cbm_Right_VI_med,#0000FF
643,Cbm_Right_VI_mid,#1E90FF
644,Cbm_Right_VI_lat,#64D4ED
645,Cbm_Right_CrusI_med,#DAA520
646,Cbm_Right_CrusI_mid,#FFD700
647,Cbm_Right_CrusI_lat,#FFFFA6
648,Cbm_Right_CrusII_med,#9900CC
649,Cbm_Right_CrusII_mid,#998DD1
650,Cbm_Right_CrusII_lat,#CCCCFF
651,Cbm_Right_7med,#1FD4C2
652,Cbm_Right_7mid,#03FFED
653,Cbm_Right_7lat,#CCFFFF
654,Cbm_Right_8med,#564A93
655,Cbm_Right_8mid,#7272BE
656,Cbm_Right_8lat,#B8B2FF
657,Cbm_Right_PUNs,#7E8A25
658,Cbm_Right_TONs,#BDC575
659,Cbm_Right_FLOs,#F0E68C
660,Cbm_Left_I_V_med,#CC0000
661,Cbm_Left_I_V_mid,#FF0000
662,Cbm_Left_VI_med,#0000FF
663,Cbm_Left_VI_mid,#1E90FF
664,Cbm_Left_VI_lat,#64D4ED
665,Cbm_Left_CrusI_med,#DAA520
666,Cbm_Left_CrusI_mid,#FFD700
667,Cbm_Left_CrusI_lat,#FFFFA6
668,Cbm_Left_CrusII_med,#9900CC
669,Cbm_Left_CrusII_mid,#998DD1
670,Cbm_Left_CrusII_lat,#CCCCFF
671,Cbm_Left_7med,#1FD4C2
672,Cbm_Left_7mid,#03FFED
673,Cbm_Left_7lat,#CCFFFF
674,Cbm_Left_8med,#564A93
675,Cbm_Left_8mid,#7272BE
676,Cbm_Left_8lat,#B8B2FF
677,Cbm_Left_PUNs,#7E8A25
678,Cbm_Left_TONs,#BDC575
679,Cbm_Left_FLOs,#F0E68C
690,CbmWM_Gyri_Left,#7A8732
691,CbmWM_Gyri_Right,#7A8732
701,CSF-FSL-FAST,#781286
702,GrayMatter-FSL-FAST,#CD3E4E
703,WhiteMatter-FSL-FAST,#00E100
801,L_hypothalamus_anterior_inferior,#FAFF32
802,L_hypothalamus_anterior_superior,#50C8FF
803,L_hypothalamus_posterior,#FFA000
804,L_hypothalamus_tubular_inferior,#FFA0C8
805,L_hypothalamus_tubular_superior,#14B482
806,R_hypothalamus_anterior_inferior,#FAFF32
807,R_hypothalamus_anterior_superior,#50C8FF
808,R_hypothalamus_posterior,#FFA000
809,R_hypothalamus_tubular_inferior,#FFA0C8
810,R_hypothalamus_tubular_superior,#14B482
819,Left-HypoThal-noMB 0,#500000
820,Right-HypoThal-noMB 15,#A50F00
821,Left-Fornix 0,#FFFF00
822,Right-Fornix 27,#BBFD00
843,Left-MammillaryBody 178,#FF5000
844,Right-MammillaryBody 25,#F65000
853,Mid-AntCom 60,#3AD200
865,Left-Basal-Forebrain 170,#550000
866,Right-Basal-Forebrain 139,#451300
869,Left-SeptalNuc 255,#AAFF00
870,Right-SeptalNuc 191,#7FBF00
901,Air-Internal,#00AA00
902,Artery,#CC0000
906,EyeBalls,#E6BD42
907,Other-Tissues,#555500
908,Rectus-Muscles,#BE3249
909,Mucosa,#FFA0BC
911,Skin,#555555
912,Charm-Spinal-Cord,#00BBA9
914,Vein,#0054FF
915,Bone-Cortical,#005500
916,Bone-Cancellous,#AAAA00
917,Charm-Background,#00A8FF
920,Cortical-CSF,#7885D9
930,Optic-Nerve,#00BF7A
951,L-olfactory-bulb,#0000FF
952,R-olfactory-bulb,#FF0000
961,R-N.opticus,#4682B4
962,L-N.opticus,#82B446
963,R-C.mammilare,#CD3E4E
964,R-Optic-tract,#507886
965,L-Optic-tract,#C43AFA
966,L-C.mammilare,#009400
967,R-Chiasma-Opticum,#DCF8A4
968,L-Chiasma-Opticum,#E69422
969,Ant-Commisure,#0AB4E1
970,Third-Ventricle,#760064
971,R-Fornix,#7AC878
972,L-Fornix,#EC0DB0
973,Epiphysis,#CCB68E
974,Hypophysis,#779FB0
975,Infundibulum,#DCD814
976,Tuberal-Region,#783C6E
977,L-Med-Hypothalamus,#A5FF00
978,L-Lat-Hypothalamus,#00FF7F
979,L-Ant-Hypothalamus,#A52A2A
980,L-Post-Hypothalamus,#FFD700
981,R-Med-Hypothalamus,#73FF00
982,R-Lat-Hypothalamus,#3CFF7F
983,R-Ant-Hypothalamus,#A58E2A
984,R-Post-Hypothalamus,#FFAA14
999,SUSPICIOUS,#FF6464
1000,ctx-lh-unknown,#190519
1001,ctx-lh-bankssts,#196428
1002,ctx-lh-caudalanteriorcingulate,#7D64A0
1003,ctx-lh-caudalmiddlefrontal,#641900
1004,ctx-lh-corpuscallosum,#784632
1005,ctx-lh-cuneus,#DC1464
1006,ctx-lh-entorhinal,#DC140A
1007,ctx-lh-fusiform,#B4DC8C
1008,ctx-lh-inferiorparietal,#DC3CDC
1009,ctx-lh-inferiortemporal,#B42878
1010,ctx-lh-isthmuscingulate,#8C148C
1011,ctx-lh-lateraloccipital,#141E8C
1012,ctx-lh-lateralorbitofrontal,#234B32
1013,ctx-lh-lingual,#E18C8C
1014,ctx-lh-medialorbitofrontal,#C8234B
1015,ctx-lh-middletemporal,#A06432
1016,ctx-lh-parahippocampal,#14DC3C
1017,ctx-lh-paracentral,#3CDC3C
1018,ctx-lh-parsopercularis,#DCB48C
1019,ctx-lh-parsorbitalis,#146432
1020,ctx-lh-parstriangularis,#DC3C14
1021,ctx-lh-pericalcarine,#78643C
1022,ctx-lh-postcentral,#DC1414
1023,ctx-lh-posteriorcingulate,#DCB4DC
1024,ctx-lh-precentral,#3C14DC
1025,ctx-lh-precuneus,#A08CB4
1026,ctx-lh-rostralanteriorcingulate,#50148C
1027,ctx-lh-rostralmiddlefrontal,#4B327D
1028,ctx-lh-superiorfrontal,#14DCA0
1029,ctx-lh-superiorparietal,#14B48C
1030,ctx-lh-superiortemporal,#8CDCDC
1031,ctx-lh-supramarginal,#50A014
1032,ctx-lh-frontalpole,#640064
1033,ctx-lh-temporalpole,#464646
1034,ctx-lh-transversetemporal,#9696C8
1035,ctx-lh-insula,#FFC020
2000,ctx-rh-unknown,#190519
2001,ctx-rh-bankssts,#196428
2002,ctx-rh-caudalanteriorcingulate,#7D64A0
2003,ctx-rh-caudalmiddlefrontal,#641900
2004,ctx-rh-corpuscallosum,#784632
2005,ctx-rh-cuneus,#DC1464
2006,ctx-rh-entorhinal,#DC140A
2007,ctx-rh-fusiform,#B4DC8C
2008,ctx-rh-inferiorparietal,#DC3CDC
2009,ctx-rh-inferiortemporal,#B42878
2010,ctx-rh-isthmuscingulate,#8C148C
2011,ctx-rh-lateraloccipital,#141E8C
2012,ctx-rh-lateralorbitofrontal,#234B32
2013,ctx-rh-lingual,#E18C8C
2014,ctx-rh-medialorbitofrontal,#C8234B
2015,ctx-rh-middletemporal,#A06432
2016,ctx-rh-parahippocampal,#14DC3C
2017,ctx-rh-paracentral,#3CDC3C
2018,ctx-rh-parsopercularis,#DCB48C
2019,ctx-rh-parsorbitalis,#146432
2020,ctx-rh-parstriangularis,#DC3C14
2021,ctx-rh-pericalcarine,#78643C
2022,ctx-rh-postcentral,#DC1414
2023,ctx-rh-posteriorcingulate,#DCB4DC
2024,ctx-rh-precentral,#3C14DC
2025,ctx-rh-precuneus,#A08CB4
2026,ctx-rh-rostralanteriorcingulate,#50148C
2027,ctx-rh-rostralmiddlefrontal,#4B327D
2028,ctx-rh-superiorfrontal,#14DCA0
2029,ctx-rh-superiorparietal,#14B48C
2030,ctx-rh-superiortemporal,#8CDCDC
2031,ctx-rh-supramarginal,#50A014
2032,ctx-rh-frontalpole,#640064
2033,ctx-rh-temporalpole,#464646
2034,ctx-rh-transversetemporal,#9696C8
2035,ctx-rh-insula,#FFC020
3000,wm-lh-unknown,#E6FAE6
3001,wm-lh-bankssts,#E69BD7
3002,wm-lh-caudalanteriorcingulate,#829B5F
3003,wm-lh-caudalmiddlefrontal,#9BE6FF
3004,wm-lh-corpuscallosum,#87B9CD
3005,wm-lh-cuneus,#23EB9B
3006,wm-lh-entorhinal,#23EBF5
3007,wm-lh-fusiform,#4B2373
3008,wm-lh-inferiorparietal,#23C323
3009,wm-lh-inferiortemporal,#4BD787
3010,wm-lh-isthmuscingulate,#73EB73
3011,wm-lh-lateraloccipital,#EBE173
3012,wm-lh-lateralorbitofrontal,#DCB4CD
3013,wm-lh-lingual,#1E7373
3014,wm-lh-medialorbitofrontal,#37DCB4
3015,wm-lh-middletemporal,#5F9BCD
3016,wm-lh-parahippocampal,#EB23C3
3017,wm-lh-paracentral,#C323C3
3018,wm-lh-parsopercularis,#234B73
3019,wm-lh-parsorbitalis,#EB9BCD
3020,wm-lh-parstriangularis,#23C3EB
3021,wm-lh-pericalcarine,#879BC3
3022,wm-lh-postcentral,#23EBEB
3023,wm-lh-posteriorcingulate,#234B23
3024,wm-lh-precentral,#C3EB23
3025,wm-lh-precuneus,#5F734B
3026,wm-lh-rostralanteriorcingulate,#AFEB73
3027,wm-lh-rostralmiddlefrontal,#B4CD82
3028,wm-lh-superiorfrontal,#EB235F
3029,wm-lh-superiorparietal,#EB4B73
3030,wm-lh-superiortemporal,#732323
3031,wm-lh-supramarginal,#AF5FEB
3032,wm-lh-frontalpole,#9BFF9B
3033,wm-lh-temporalpole,#B9B9B9
3034,wm-lh-transversetemporal,#696937
3035,wm-lh-insula,#14DCA0
4000,wm-rh-unknown,#E6FAE6
4001,wm-rh-bankssts,#E69BD7
4002,wm-rh-caudalanteriorcingulate,#829B5F
4003,wm-rh-caudalmiddlefrontal,#9BE6FF
4004,wm-rh-corpuscallosum,#87B9CD
4005,wm-rh-cuneus,#23EB9B
4006,wm-rh-entorhinal,#23EBF5
4007,wm-rh-fusiform,#4B2373
4008,wm-rh-inferiorparietal,#23C323
4009,wm-rh-inferiortemporal,#4BD787
4010,wm-rh-isthmuscingulate,#73EB73
4011,wm-rh-lateraloccipital,#EBE173
4012,wm-rh-lateralorbitofrontal,#DCB4CD
4013,wm-rh-lingual,#1E7373
4014,wm-rh-medialorbitofrontal,#37DCB4
4015,wm-rh-middletemporal,#5F9BCD
4016,wm-rh-parahippocampal,#EB23C3
4017,wm-rh-paracentral,#C323C3
4018,wm-rh-parsopercularis,#234B73
4019,wm-rh-parsorbitalis,#EB9BCD
4020,wm-rh-parstriangularis,#23C3EB
4021,wm-rh-pericalcarine,#879BC3
4022,wm-rh-postcentral,#23EBEB
4023,wm-rh-posteriorcingulate,#234B23
4024,wm-rh-precentral,#C3EB23
4025,wm-rh-precuneus,#5F734B
4026,wm-rh-rostralanteriorcingulate,#AFEB73
4027,wm-rh-rostralmiddlefrontal,#B4CD82
4028,wm-rh-superiorfrontal,#EB235F
4029,wm-rh-superiorparietal,#EB4B73
4030,wm-rh-superiortemporal,#732323
4031,wm-rh-supramarginal,#AF5FEB
4032,wm-rh-frontalpole,#9BFF9B
4033,wm-rh-temporalpole,#B9B9B9
4034,wm-rh-transversetemporal,#696937
4035,wm-rh-insula,#14DCA0
1301,ctx-lh-frontal-lobe,#196428
1303,ctx-lh-cingulate-lobe,#641900
1304,ctx-lh-occipital-lobe,#784632
1305,ctx-lh-temporal-lobe,#DC1464
1306,ctx-lh-parietal-lobe,#DC140A
1307,ctx-lh-insula-lobe,#FFC020
2301,ctx-rh-frontal-lobe,#196428
2303,ctx-rh-cingulate-lobe,#641900
2304,ctx-rh-occipital-lobe,#784632
2305,ctx-rh-temporal-lobe,#DC1464
2306,ctx-rh-parietal-lobe,#DC140A
2307,ctx-rh-insula-lobe,#FFC020
3201,wm-lh-frontal-lobe,#EB235F
3203,wm-lh-cingulate-lobe,#234B23
3204,wm-lh-occipital-lobe,#879BC3
3205,wm-lh-temporal-lobe,#732323
3206,wm-lh-parietal-lobe,#23C323
3207,wm-lh-insula-lobe,#14DCA0
4201,wm-rh-frontal-lobe,#EB235F
4203,wm-rh-cingulate-lobe,#234B23
4204,wm-rh-occipital-lobe,#879BC3
4205,wm-rh-temporal-lobe,#732323
4206,wm-rh-parietal-lobe,#23C323
4207,wm-rh-insula-lobe,#14DCA0
5024,Low_TDP-43_Pathology_Density,#AAEE2C
5025,Moderate_TDP-43_Pathology_Density,#F0A869
5026,High_TDP-43_Pathology_Density,#B64F59
5027,Severe_TDP-43_Pathology_Density,#9C0F23
1100,ctx-lh-Unknown,#000000
1101,ctx-lh-Corpus_callosum,#323232
1102,ctx-lh-G_and_S_Insula_ONLY_AVERAGE,#B4141E
1103,ctx-lh-G_cingulate-Isthmus,#3C1919
1104,ctx-lh-G_cingulate-Main_part,#193C3C
1200,ctx-lh-G_cingulate-caudal_ACC,#193C3D
1201,ctx-lh-G_cingulate-rostral_ACC,#195A3C
1202,ctx-lh-G_cingulate-posterior,#19783C
1205,ctx-lh-S_cingulate-caudal_ACC,#19963C
1206,ctx-lh-S_cingulate-rostral_ACC,#19B43C
1207,ctx-lh-S_cingulate-posterior,#19D23C
1210,ctx-lh-S_pericallosal-caudal,#19965A
1211,ctx-lh-S_pericallosal-rostral,#19B45A
1212,ctx-lh-S_pericallosal-posterior,#19D25A
1105,ctx-lh-G_cuneus,#B41414
1106,ctx-lh-G_frontal_inf-Opercular_part,#DC1464
1107,ctx-lh-G_frontal_inf-Orbital_part,#8C3C3C
1108,ctx-lh-G_frontal_inf-Triangular_part,#B4DC8C
1109,ctx-lh-G_frontal_middle,#8C64B4
1110,ctx-lh-G_frontal_superior,#B4148C
1111,ctx-lh-G_frontomarginal,#8C148C
1112,ctx-lh-G_insular_long,#150A0A
1113,ctx-lh-G_insular_short,#E18C8C
1114,ctx-lh-G_and_S_occipital_inferior,#173CB4
1115,ctx-lh-G_occipital_middle,#B43CB4
1116,ctx-lh-G_occipital_superior,#14DC3C
1117,ctx-lh-G_occipit-temp_lat-Or_fusiform,#3C148C
1118,ctx-lh-G_occipit-temp_med-Lingual_part,#DCB48C
1119,ctx-lh-G_occipit-temp_med-Parahippocampal_part,#416414
1120,ctx-lh-G_orbital,#DC3C14
1121,ctx-lh-G_paracentral,#3C643C
1122,ctx-lh-G_parietal_inferior-Angular_part,#143CDC
1123,ctx-lh-G_parietal_inferior-Supramarginal_part,#64643C
1124,ctx-lh-G_parietal_superior,#DCB4DC
1125,ctx-lh-G_postcentral,#14B48C
1126,ctx-lh-G_precentral,#3C8CB4
1127,ctx-lh-G_precuneus,#19148C
1128,ctx-lh-G_rectus,#143C64
1129,ctx-lh-G_subcallosal,#3CDC14
1130,ctx-lh-G_subcentral,#3C14DC
1131,ctx-lh-G_temporal_inferior,#DCDC64
1132,ctx-lh-G_temporal_middle,#B43C3C
1133,ctx-lh-G_temp_sup-G_temp_transv_and_interm_S,#3C3CDC
1134,ctx-lh-G_temp_sup-Lateral_aspect,#DC3CDC
1135,ctx-lh-G_temp_sup-Planum_polare,#41DC3C
1136,ctx-lh-G_temp_sup-Planum_tempolare,#198C14
1137,ctx-lh-G_and_S_transverse_frontopolar,#0D00FA
1138,ctx-lh-Lat_Fissure-ant_sgt-ramus_horizontal,#3D14DC
1139,ctx-lh-Lat_Fissure-ant_sgt-ramus_vertical,#3D143C
1140,ctx-lh-Lat_Fissure-post_sgt,#3D3C64
1141,ctx-lh-Medial_wall,#191919
1142,ctx-lh-Pole_occipital,#8C143C
1143,ctx-lh-Pole_temporal,#DCB414
1144,ctx-lh-S_calcarine,#3FB4B4
1145,ctx-lh-S_central,#DD140A
1146,ctx-lh-S_central_insula,#15DC14
1147,ctx-lh-S_cingulate-Main_part_and_Intracingulate,#B76414
1148,ctx-lh-S_cingulate-Marginalis_part,#DD1464
1149,ctx-lh-S_circular_insula_anterior,#DD3C8C
1150,ctx-lh-S_circular_insula_inferior,#DD14DC
1151,ctx-lh-S_circular_insula_superior,#3DDCDC
1152,ctx-lh-S_collateral_transverse_ant,#64C8C8
1153,ctx-lh-S_collateral_transverse_post,#0AC8C8
1154,ctx-lh-S_frontal_inferior,#DDDC14
1155,ctx-lh-S_frontal_middle,#8D1464
1156,ctx-lh-S_frontal_superior,#3DDC64
1157,ctx-lh-S_frontomarginal,#15DC3C
1158,ctx-lh-S_intermedius_primus-Jensen,#8D3C14
1159,ctx-lh-S_intraparietal-and_Parietal_transverse,#8F14DC
1160,ctx-lh-S_occipital_anterior,#3D14B4
1161,ctx-lh-S_occipital_middle_and_Lunatus,#653CDC
1162,ctx-lh-S_occipital_superior_and_transversalis,#15148C
1163,ctx-lh-S_occipito-temporal_lateral,#DD8C14
1164,ctx-lh-S_occipito-temporal_medial_and_S_Lingual,#8D64DC
1165,ctx-lh-S_orbital-H_shapped,#651414
1166,ctx-lh-S_orbital_lateral,#DD6414
1167,ctx-lh-S_orbital_medial-Or_olfactory,#B5C814
1168,ctx-lh-S_paracentral,#15B48C
1169,ctx-lh-S_parieto_occipital,#6564B4
1170,ctx-lh-S_pericallosal,#B5DC14
1171,ctx-lh-S_postcentral,#158CC8
1172,ctx-lh-S_precentral-Inferior-part,#1514F0
1173,ctx-lh-S_precentral-Superior-part,#1514C8
1174,ctx-lh-S_subcentral_ant,#3DB43C
1175,ctx-lh-S_subcentral_post,#3DB4FA
1176,ctx-lh-S_suborbital,#15143C
1177,ctx-lh-S_subparietal,#653C3C
1178,ctx-lh-S_supracingulate,#15DCDC
1179,ctx-lh-S_temporal_inferior,#15B4B4
1180,ctx-lh-S_temporal_superior,#DFDC3C
1181,ctx-lh-S_temporal_transverse,#DD3C3C
2100,ctx-rh-Unknown,#000000
2101,ctx-rh-Corpus_callosum,#323232
2102,ctx-rh-G_and_S_Insula_ONLY_AVERAGE,#B4141E
2103,ctx-rh-G_cingulate-Isthmus,#3C1919
2104,ctx-rh-G_cingulate-Main_part,#193C3C
2105,ctx-rh-G_cuneus,#B41414
2106,ctx-rh-G_frontal_inf-Opercular_part,#DC1464
2107,ctx-rh-G_frontal_inf-Orbital_part,#8C3C3C
2108,ctx-rh-G_frontal_inf-Triangular_part,#B4DC8C
2109,ctx-rh-G_frontal_middle,#8C64B4
2110,ctx-rh-G_frontal_superior,#B4148C
2111,ctx-rh-G_frontomarginal,#8C148C
2112,ctx-rh-G_insular_long,#150A0A
2113,ctx-rh-G_insular_short,#E18C8C
2114,ctx-rh-G_and_S_occipital_inferior,#173CB4
2115,ctx-rh-G_occipital_middle,#B43CB4
2116,ctx-rh-G_occipital_superior,#14DC3C
2117,ctx-rh-G_occipit-temp_lat-Or_fusiform,#3C148C
2118,ctx-rh-G_occipit-temp_med-Lingual_part,#DCB48C
2119,ctx-rh-G_occipit-temp_med-Parahippocampal_part,#416414
2120,ctx-rh-G_orbital,#DC3C14
2121,ctx-rh-G_paracentral,#3C643C
2122,ctx-rh-G_parietal_inferior-Angular_part,#143CDC
2123,ctx-rh-G_parietal_inferior-Supramarginal_part,#64643C
2124,ctx-rh-G_parietal_superior,#DCB4DC
2125,ctx-rh-G_postcentral,#14B48C
2126,ctx-rh-G_precentral,#3C8CB4
2127,ctx-rh-G_precuneus,#19148C
2128,ctx-rh-G_rectus,#143C64
2129,ctx-rh-G_subcallosal,#3CDC14
2130,ctx-rh-G_subcentral,#3C14DC
2131,ctx-rh-G_temporal_inferior,#DCDC64
2132,ctx-rh-G_temporal_middle,#B43C3C
2133,ctx-rh-G_temp_sup-G_temp_transv_and_interm_S,#3C3CDC
2134,ctx-rh-G_temp_sup-Lateral_aspect,#DC3CDC
2135,ctx-rh-G_temp_sup-Planum_polare,#41DC3C
2136,ctx-rh-G_temp_sup-Planum_tempolare,#198C14
2137,ctx-rh-G_and_S_transverse_frontopolar,#0D00FA
2138,ctx-rh-Lat_Fissure-ant_sgt-ramus_horizontal,#3D14DC
2139,ctx-rh-Lat_Fissure-ant_sgt-ramus_vertical,#3D143C
2140,ctx-rh-Lat_Fissure-post_sgt,#3D3C64
2141,ctx-rh-Medial_wall,#191919
2142,ctx-rh-Pole_occipital,#8C143C
2143,ctx-rh-Pole_temporal,#DCB414
2144,ctx-rh-S_calcarine,#3FB4B4
2145,ctx-rh-S_central,#DD140A
2146,ctx-rh-S_central_insula,#15DC14
2147,ctx-rh-S_cingulate-Main_part_and_Intracingulate,#B76414
2148,ctx-rh-S_cingulate-Marginalis_part,#DD1464
2149,ctx-rh-S_circular_insula_anterior,#DD3C8C
2150,ctx-rh-S_circular_insula_inferior,#DD14DC
2151,ctx-rh-S_circular_insula_superior,#3DDCDC
2152,ctx-rh-S_collateral_transverse_ant,#64C8C8
2153,ctx-rh-S_collateral_transverse_post,#0AC8C8
2154,ctx-rh-S_frontal_inferior,#DDDC14
2155,ctx-rh-S_frontal_middle,#8D1464
2156,ctx-rh-S_frontal_superior,#3DDC64
2157,ctx-rh-S_frontomarginal,#15DC3C
2158,ctx-rh-S_intermedius_primus-Jensen,#8D3C14
2159,ctx-rh-S_intraparietal-and_Parietal_transverse,#8F14DC
2160,ctx-rh-S_occipital_anterior,#3D14B4
2161,ctx-rh-S_occipital_middle_and_Lunatus,#653CDC
2162,ctx-rh-S_occipital_superior_and_transversalis,#15148C
2163,ctx-rh-S_occipito-temporal_lateral,#DD8C14
2164,ctx-rh-S_occipito-temporal_medial_and_S_Lingual,#8D64DC
2165,ctx-rh-S_orbital-H_shapped,#651414
2166,ctx-rh-S_orbital_lateral,#DD6414
2167,ctx-rh-S_orbital_medial-Or_olfactory,#B5C814
2168,ctx-rh-S_paracentral,#15B48C
2169,ctx-rh-S_parieto_occipital,#6564B4
2170,ctx-rh-S_pericallosal,#B5DC14
2171,ctx-rh-S_postcentral,#158CC8
2172,ctx-rh-S_precentral-Inferior-part,#1514F0
2173,ctx-rh-S_precentral-Superior-part,#1514C8
2174,ctx-rh-S_subcentral_ant,#3DB43C
2175,ctx-rh-S_subcentral_post,#3DB4FA
2176,ctx-rh-S_suborbital,#15143C
2177,ctx-rh-S_subparietal,#653C3C
2178,ctx-rh-S_supracingulate,#15DCDC
2179,ctx-rh-S_temporal_inferior,#15B4B4
2180,ctx-rh-S_temporal_superior,#DFDC3C
2181,ctx-rh-S_temporal_transverse,#DD3C3C
2200,ctx-rh-G_cingulate-caudal_ACC,#193C3D
2201,ctx-rh-G_cingulate-rostral_ACC,#195A3C
2202,ctx-rh-G_cingulate-posterior,#19783C
2205,ctx-rh-S_cingulate-caudal_ACC,#19963C
2206,ctx-rh-S_cingulate-rostral_ACC,#19B43C
2207,ctx-rh-S_cingulate-posterior,#19D23C
2210,ctx-rh-S_pericallosal-caudal,#19965A
2211,ctx-rh-S_pericallosal-rostral,#19B45A
2212,ctx-rh-S_pericallosal-posterior,#19D25A
3100,wm-lh-Unknown,#000000
3101,wm-lh-Corpus_callosum,#323232
3102,wm-lh-G_and_S_Insula_ONLY_AVERAGE,#B4141E
3103,wm-lh-G_cingulate-Isthmus,#3C1919
3104,wm-lh-G_cingulate-Main_part,#193C3C
3105,wm-lh-G_cuneus,#B41414
3106,wm-lh-G_frontal_inf-Opercular_part,#DC1464
3107,wm-lh-G_frontal_inf-Orbital_part,#8C3C3C
3108,wm-lh-G_frontal_inf-Triangular_part,#B4DC8C
3109,wm-lh-G_frontal_middle,#8C64B4
3110,wm-lh-G_frontal_superior,#B4148C
3111,wm-lh-G_frontomarginal,#8C148C
3112,wm-lh-G_insular_long,#150A0A
3113,wm-lh-G_insular_short,#E18C8C
3114,wm-lh-G_and_S_occipital_inferior,#173CB4
3115,wm-lh-G_occipital_middle,#B43CB4
3116,wm-lh-G_occipital_superior,#14DC3C
3117,wm-lh-G_occipit-temp_lat-Or_fusiform,#3C148C
3118,wm-lh-G_occipit-temp_med-Lingual_part,#DCB48C
3119,wm-lh-G_occipit-temp_med-Parahippocampal_part,#416414
3120,wm-lh-G_orbital,#DC3C14
3121,wm-lh-G_paracentral,#3C643C
3122,wm-lh-G_parietal_inferior-Angular_part,#143CDC
3123,wm-lh-G_parietal_inferior-Supramarginal_part,#64643C
3124,wm-lh-G_parietal_superior,#DCB4DC
3125,wm-lh-G_postcentral,#14B48C
3126,wm-lh-G_precentral,#3C8CB4
3127,wm-lh-G_precuneus,#19148C
3128,wm-lh-G_rectus,#143C64
3129,wm-lh-G_subcallosal,#3CDC14
3130,wm-lh-G_subcentral,#3C14DC
3131,wm-lh-G_temporal_inferior,#DCDC64
3132,wm-lh-G_temporal_middle,#B43C3C
3133,wm-lh-G_temp_sup-G_temp_transv_and_interm_S,#3C3CDC
3134,wm-lh-G_temp_sup-Lateral_aspect,#DC3CDC
3135,wm-lh-G_temp_sup-Planum_polare,#41DC3C
3136,wm-lh-G_temp_sup-Planum_tempolare,#198C14
3137,wm-lh-G_and_S_transverse_frontopolar,#0D00FA
3138,wm-lh-Lat_Fissure-ant_sgt-ramus_horizontal,#3D14DC
3139,wm-lh-Lat_Fissure-ant_sgt-ramus_vertical,#3D143C
3140,wm-lh-Lat_Fissure-post_sgt,#3D3C64
3141,wm-lh-Medial_wall,#191919
3142,wm-lh-Pole_occipital,#8C143C
3143,wm-lh-Pole_temporal,#DCB414
3144,wm-lh-S_calcarine,#3FB4B4
3145,wm-lh-S_central,#DD140A
3146,wm-lh-S_central_insula,#15DC14
3147,wm-lh-S_cingulate-Main_part_and_Intracingulate,#B76414
3148,wm-lh-S_cingulate-Marginalis_part,#DD1464
3149,wm-lh-S_circular_insula_anterior,#DD3C8C
3150,wm-lh-S_circular_insula_inferior,#DD14DC
3151,wm-lh-S_circular_insula_superior,#3DDCDC
3152,wm-lh-S_collateral_transverse_ant,#64C8C8
3153,wm-lh-S_collateral_transverse_post,#0AC8C8
3154,wm-lh-S_frontal_inferior,#DDDC14
3155,wm-lh-S_frontal_middle,#8D1464
3156,wm-lh-S_frontal_superior,#3DDC64
3157,wm-lh-S_frontomarginal,#15DC3C
3158,wm-lh-S_intermedius_primus-Jensen,#8D3C14
3159,wm-lh-S_intraparietal-and_Parietal_transverse,#8F14DC
3160,wm-lh-S_occipital_anterior,#3D14B4
3161,wm-lh-S_occipital_middle_and_Lunatus,#653CDC
3162,wm-lh-S_occipital_superior_and_transversalis,#15148C
3163,wm-lh-S_occipito-temporal_lateral,#DD8C14
3164,wm-lh-S_occipito-temporal_medial_and_S_Lingual,#8D64DC
3165,wm-lh-S_orbital-H_shapped,#651414
3166,wm-lh-S_orbital_lateral,#DD6414
3167,wm-lh-S_orbital_medial-Or_olfactory,#B5C814
3168,wm-lh-S_paracentral,#15B48C
3169,wm-lh-S_parieto_occipital,#6564B4
3170,wm-lh-S_pericallosal,#B5DC14
3171,wm-lh-S_postcentral,#158CC8
3172,wm-lh-S_precentral-Inferior-part,#1514F0
3173,wm-lh-S_precentral-Superior-part,#1514C8
3174,wm-lh-S_subcentral_ant,#3DB43C
3175,wm-lh-S_subcentral_post,#3DB4FA
3176,wm-lh-S_suborbital,#15143C
3177,wm-lh-S_subparietal,#653C3C
3178,wm-lh-S_supracingulate,#15DCDC
3179,wm-lh-S_temporal_inferior,#15B4B4
3180,wm-lh-S_temporal_superior,#DFDC3C
3181,wm-lh-S_temporal_transverse,#DD3C3C
4100,wm-rh-Unknown,#000000
4101,wm-rh-Corpus_callosum,#323232
4102,wm-rh-G_and_S_Insula_ONLY_AVERAGE,#B4141E
4103,wm-rh-G_cingulate-Isthmus,#3C1919
4104,wm-rh-G_cingulate-Main_part,#193C3C
4105,wm-rh-G_cuneus,#B41414
4106,wm-rh-G_frontal_inf-Opercular_part,#DC1464
4107,wm-rh-G_frontal_inf-Orbital_part,#8C3C3C
4108,wm-rh-G_frontal_inf-Triangular_part,#B4DC8C
4109,wm-rh-G_frontal_middle,#8C64B4
4110,wm-rh-G_frontal_superior,#B4148C
4111,wm-rh-G_frontomarginal,#8C148C
4112,wm-rh-G_insular_long,#150A0A
4113,wm-rh-G_insular_short,#E18C8C
4114,wm-rh-G_and_S_occipital_inferior,#173CB4
4115,wm-rh-G_occipital_middle,#B43CB4
4116,wm-rh-G_occipital_superior,#14DC3C
4117,wm-rh-G_occipit-temp_lat-Or_fusiform,#3C148C
4118,wm-rh-G_occipit-temp_med-Lingual_part,#DCB48C
4119,wm-rh-G_occipit-temp_med-Parahippocampal_part,#416414
4120,wm-rh-G_orbital,#DC3C14
4121,wm-rh-G_paracentral,#3C643C
4122,wm-rh-G_parietal_inferior-Angular_part,#143CDC
4123,wm-rh-G_parietal_inferior-Supramarginal_part,#64643C
4124,wm-rh-G_parietal_superior,#DCB4DC
4125,wm-rh-G_postcentral,#14B48C
4126,wm-rh-G_precentral,#3C8CB4
4127,wm-rh-G_precuneus,#19148C
4128,wm-rh-G_rectus,#143C64
4129,wm-rh-G_subcallosal,#3CDC14
4130,wm-rh-G_subcentral,#3C14DC
4131,wm-rh-G_temporal_inferior,#DCDC64
4132,wm-rh-G_temporal_middle,#B43C3C
4133,wm-rh-G_temp_sup-G_temp_transv_and_interm_S,#3C3CDC
4134,wm-rh-G_temp_sup-Lateral_aspect,#DC3CDC
4135,wm-rh-G_temp_sup-Planum_polare,#41DC3C
4136,wm-rh-G_temp_sup-Planum_tempolare,#198C14
4137,wm-rh-G_and_S_transverse_frontopolar,#0D00FA
4138,wm-rh-Lat_Fissure-ant_sgt-ramus_horizontal,#3D14DC
4139,wm-rh-Lat_Fissure-ant_sgt-ramus_vertical,#3D143C
4140,wm-rh-Lat_Fissure-post_sgt,#3D3C64
4141,wm-rh-Medial_wall,#191919
4142,wm-rh-Pole_occipital,#8C143C
4143,wm-rh-Pole_temporal,#DCB414
4144,wm-rh-S_calcarine,#3FB4B4
4145,wm-rh-S_central,#DD140A
4146,wm-rh-S_central_insula,#15DC14
4147,wm-rh-S_cingulate-Main_part_and_Intracingulate,#B76414
4148,wm-rh-S_cingulate-Marginalis_part,#DD1464
4149,wm-rh-S_circular_insula_anterior,#DD3C8C
4150,wm-rh-S_circular_insula_inferior,#DD14DC
4151,wm-rh-S_circular_insula_superior,#3DDCDC
4152,wm-rh-S_collateral_transverse_ant,#64C8C8
4153,wm-rh-S_collateral_transverse_post,#0AC8C8
4154,wm-rh-S_frontal_inferior,#DDDC14
4155,wm-rh-S_frontal_middle,#8D1464
4156,wm-rh-S_frontal_superior,#3DDC64
4157,wm-rh-S_frontomarginal,#15DC3C
4158,wm-rh-S_intermedius_primus-Jensen,#8D3C14
4159,wm-rh-S_intraparietal-and_Parietal_transverse,#8F14DC
4160,wm-rh-S_occipital_anterior,#3D14B4
4161,wm-rh-S_occipital_middle_and_Lunatus,#653CDC
4162,wm-rh-S_occipital_superior_and_transversalis,#15148C
4163,wm-rh-S_occipito-temporal_lateral,#DD8C14
4164,wm-rh-S_occipito-temporal_medial_and_S_Lingual,#8D64DC
4165,wm-rh-S_orbital-H_shapped,#651414
4166,wm-rh-S_orbital_lateral,#DD6414
4167,wm-rh-S_orbital_medial-Or_olfactory,#B5C814
4168,wm-rh-S_paracentral,#15B48C
4169,wm-rh-S_parieto_occipital,#6564B4
4170,wm-rh-S_pericallosal,#B5DC14
4171,wm-rh-S_postcentral,#158CC8
4172,wm-rh-S_precentral-Inferior-part,#1514F0
4173,wm-rh-S_precentral-Superior-part,#1514C8
4174,wm-rh-S_subcentral_ant,#3DB43C
4175,wm-rh-S_subcentral_post,#3DB4FA
4176,wm-rh-S_suborbital,#15143C
4177,wm-rh-S_subparietal,#653C3C
4178,wm-rh-S_supracingulate,#15DCDC
4179,wm-rh-S_temporal_inferior,#15B4B4
4180,wm-rh-S_temporal_superior,#DFDC3C
4181,wm-rh-S_temporal_transverse,#DD3C3C
5001,Left-UnsegmentedWhiteMatter,#141E28
5002,Right-UnsegmentedWhiteMatter,#141E28
5100,fmajor,#CC6666
5101,fminor,#CC6666
5102,cc.body,#CC6666
5103,cc.bodyc,#FF9999
5104,cc.bodypf,#FF9999
5105,cc.bodypm,#FFCCCC
5106,cc.bodyp,#FF6666
5107,cc.bodyt,#FFCCCC
5108,cc.genu,#FF6666
5109,cc.rostrum,#CC3333
5110,cc.splenium,#CC3333
5111,acomm,#CC6666
5112,mcp,#663399
5200,lh.atr,#FFFF66
5201,lh.cab,#99CC00
5202,lh.ccg,#009999
5203,lh.cst,#CC99FF
5204,lh.ilf,#FF9933
5205,lh.slfp,#CCCCCC
5206,lh.slft,#99FFFF
5207,lh.unc,#6699FF
5208,lh.cb,#009999
5209,lh.slf,#CCCCCC
5210,lh.af,#99FFFF
5211,lh.ifof,#339933
5212,lh.fx,#FF99CC
5213,lh.fat,#CC3366
5214,lh.or,#9966FF
5215,lh.mlf,#FFFFCC
5216,lh.slf1,#33CCFF
5217,lh.slf2,#33FFCC
5218,lh.slf3,#CCCCCC
5219,lh.afd,#99FFFF
5220,lh.afv,#99FFFF
5221,lh.ar,#9900CC
5222,lh.cbd,#009999
5223,lh.cbv,#99CC00
5224,lh.emc,#339933
5225,lh.uf,#6699FF
5300,rh.atr,#FFFF66
5301,rh.cab,#99CC00
5302,rh.ccg,#009999
5303,rh.cst,#CC99FF
5304,rh.ilf,#FF9933
5305,rh.slfp,#CCCCCC
5306,rh.slft,#99FFFF
5307,rh.unc,#6699FF
5308,rh.cb,#009999
5309,rh.slf,#CCCCCC
5310,rh.af,#99FFFF
5311,rh.ifof,#339933
5312,rh.fx,#FF99CC
5313,rh.fat,#CC3366
5314,rh.or,#9966FF
5315,rh.mlf,#FFFFCC
5316,rh.slf1,#33CCFF
5317,rh.slf2,#33FFCC
5318,rh.slf3,#CCCCCC
5319,rh.afd,#99FFFF
5320,rh.afv,#99FFFF
5321,rh.ar,#9900CC
5322,rh.cbd,#009999
5323,rh.cbv,#99CC00
5324,rh.emc,#339933
5325,rh.uf,#6699FF
6000,CST-orig,#00FF00
6001,CST-hammer,#FFFF00
6002,CST-CVS,#00FFFF
6003,CST-flirt,#0000FF
6010,Left-SLF1,#EC10E7
6020,Right-SLF1,#ED12E8
6030,Left-SLF3,#EC0DE3
6040,Right-SLF3,#EC11E4
6050,Left-CST,#01FF01
6060,Right-CST,#02FF01
6070,Left-SLF2,#EC0EE6
6080,Right-SLF2,#ED0EE6
6101,Left-Dura-MCA,#22C5F6
6102,Right-Dura-MCA,#00FA00
6103,Left-Ento-Dura,#A020F0
6104,Right-Ento-Dura,#7820F0
6111,Left-Transverse-Sinus,#E50B98
6112,Right-Transverse-Sinus,#28FB10
6113,Left-Sigmoid-Sinus,#CA031A
6114,Right-Sigmoid-Sinus,#654CDB
6115,Straight-Sinus,#B9D223
6116,Superior-Sinus-P,#1A817D
6117,Superior-Sinus-D,#9033AD
6118,Superior-Sinus-A,#5D97FD
7001,Lateral-nucleus,#4884B5
7002,Basolateral-nucleus,#F3F3F3
7003,Basal-nucleus,#CF3F4F
7004,Centromedial-nucleus,#791487
7005,Central-nucleus,#C53CF8
7006,Medial-nucleus,#029502
7007,Cortical-nucleus,#DDF9A6
7008,Accessory-Basal-nucleus,#E89223
7009,Corticoamygdaloid-transitio,#143C78
7010,Anterior-amygdaloid-area-AAA,#FAFA00
7011,Fusion-amygdala-HP-FAH,#7ABBDE
7012,Hippocampal-amygdala-transition-HATA,#ED0CB1
7013,Endopiriform-nucleus,#0A31FF
7014,Lateral-nucleus-olfactory-tract,#CDB890
7015,Paralaminar-nucleus,#2DCDA5
7016,Intercalated-nucleus,#75A0AF
7017,Prepiriform-cortex,#DDD915
7018,Periamygdaloid-cortex,#143C78
7019,Envelope-Amygdala,#8D1564
7020,Extranuclear-Amydala,#E18C8D
7030,Left-Amygdala-Cortical-Junction,#FF55FF
7031,Right-Amygdala-Cortical-Junction,#FE54FE
7100,Brainstem-inferior-colliculus,#2AC9A8
7101,Brainstem-cochlear-nucleus,#A868A2
7201,DR,#79FFFA
7202,MnR,#00FF00
7203,PAG,#9999FF
7204,VTA,#FF00FF
7302,Left-LDTg,#FF7F00
7303,Left-mRt,#FF0000
7304,Left-PBC,#FFFF00
7305,Left-PnO,#007FFF
7306,Left-PTg,#7F00FF
7402,Right-LDTg,#FF7F00
7403,Right-mRt,#FF0000
7404,Right-PBC,#FFFF00
7405,Right-PnO,#007FFF
7406,Right-PTg,#7F00FF
8001,Thalamus-Anterior,#4A82B5
8002,Thalamus-Ventral-anterior,#F2F1F0
8003,Thalamus-Lateral-dorsal,#CE414E
8004,Thalamus-Lateral-posterior,#781585
8005,Thalamus-Ventral-lateral,#C33DF6
8006,Thalamus-Ventral-posterior-medial,#039306
8007,Thalamus-Ventral-posterior-lateral,#DCFBA3
8008,Thalamus-intralaminar,#E89221
8009,Thalamus-centromedian,#04720E
8010,Thalamus-mediodorsal,#79B8DC
8011,Thalamus-medial,#EB0BAF
8012,Thalamus-pulvinar,#0C2EFA
8013,Thalamus-lateral-geniculate,#CBB68F
8014,Thalamus-medial-geniculate,#2ACCA7
8103,Left-AV,#005500
8104,Left-CeM,#AA5500
8105,Left-CL,#00AA00
8106,Left-CM,#AAAA00
8108,Left-LD,#AAFF00
8109,Left-LGN,#00007F
8110,Left-LP,#00557F
8111,Left-L-Sg,#AA557F
8112,Left-MDl,#00AA7F
8113,Left-MDm,#AAAA7F
8115,Left-MGN,#AAFF7F
8116,Left-MV(Re),#0000FF
8117,Left-Pc,#AA00FF
8118,Left-Pf,#0055FF
8119,Left-Pt,#AA55FF
8120,Left-PuA,#00AAFF
8121,Left-PuI,#AAAAFF
8122,Left-PuL,#00FFFF
8123,Left-PuM,#AAFFFF
8125,Left-R,#FF0000
8126,Left-VA,#555500
8127,Left-VAmc,#FF5500
8128,Left-VLa,#55AA00
8129,Left-VLp,#FFAA00
8130,Left-VM,#55FF00
8133,Left-VPL,#FF00FF
8134,Left-PaV,#781286
8135,Left-PuMm,#AAFFFF
8136,Left-PuMl,#8CF0FF
8203,Right-AV,#005500
8204,Right-CeM,#AA5500
8205,Right-CL,#00AA00
8206,Right-CM,#AAAA00
8208,Right-LD,#AAFF00
8209,Right-LGN,#00007F
8210,Right-LP,#00557F
8211,Right-L-Sg,#AA557F
8212,Right-MDl,#00AA7F
8213,Right-MDm,#AAAA7F
8215,Right-MGN,#AAFF7F
8216,Right-MV(Re),#0000FF
8217,Right-Pc,#AA00FF
8218,Right-Pf,#0055FF
8219,Right-Pt,#AA55FF
8220,Right-PuA,#00AAFF
8221,Right-PuI,#AAAAFF
8222,Right-PuL,#00FFFF
8223,Right-PuM,#AAFFFF
8225,Right-R,#FF0000
8226,Right-VA,#555500
8227,Right-VAmc,#FF5500
8228,Right-VLa,#55AA00
8229,Right-VLp,#FFAA00
8230,Right-VM,#55FF00
8233,Right-VPL,#FF00FF
8234,Right-PaV,#781286
8235,Right-PuMm,#AAFFFF
8236,Right-PuMl,#8CF0FF
9000,ctx-lh-prefrontal,#32641E
9001,ctx-lh-primary-motor,#1E642D
9002,ctx-lh-premotor,#8264A5
9003,ctx-lh-temporal,#691905
9004,ctx-lh-posterior-parietal,#7D4637
9005,ctx-lh-prim-sec-somatosensory,#E11469
9006,ctx-lh-occipital,#E1140F
9500,ctx-rh-prefrontal,#32C81E
9501,ctx-rh-primary-motor,#1E962D
9502,ctx-rh-premotor,#8296A5
9503,ctx-rh-temporal,#694B05
9504,ctx-rh-posterior-parietal,#7D7837
9505,ctx-rh-prim-sec-somatosensory,#E14669
9506,ctx-rh-occipital,#E1460F
10000,undefined,#8818D4
10003,oculomotor_nerve_3n,#247CD4
10004,trochlear_nerve_4n,#F2BD0F
10005,trigeminal_nerve_5n,#82708C
10006,abducens_nerve_6n,#ED9609
10007,facial_nerve_7n,#2D4491
10008,vestibulocochlear_nerve_8n,#2B727A
10009,glossopharygeal_nerve_9n,#C23C3C
10010,vagus_nerve_10n,#79960E
10011,accessory_nerve_11n,#CF76A7
10012,hypoglossal_nerve_12n,#72628C
10021,gracile_tract_gr,#711CE8
10022,cuneate_tract_cu,#FAC04B
10023,spinal_trigeminal_tract_sp5,#8935A1
10024,dorsal_spinocerebellar_tract_dsc,#FA4508
10025,ventral_spinocerebellar_tract_vsc,#752B4D
10026,spinothalamic_tract_spth,#471486
10027,ventral_corticospinal_tract_vcs,#AA2544
10028,lateral_corticospinal_tract_lcs,#6362AB
10029,tectospinal_tract_ts,#35692F
10030,medial_lemniscus_ml,#D1AAF2
10031,lateral_lemniscus_ll,#8D5778
10032,pyramid_py,#F02F2C
10033,solitary_tract_sol,#B919C6
10034,amiculum_of_the_inferior_olive_ami,#F0EB62
10035,internal_arcuate_fibers_ia,#57D7AB
10036,inferior_cerebellar_peduncle_icp,#99A3FF
10037,mid_cerebellar_peduncle_mcp,#E1ED35
10038,superior_cerebellar_peduncle_scp,#41E0A4
10039,central_tegmental_tract_ctg,#10BBB9
10040,dorsal_acoustic_stria_das,#024C38
10041,transverse_fibers_of_the_pons_tfp,#2820D1
10042,longitudinal_fibers_of_the_pons_lfp,#3B752A
10043,genu_of_the_facial_nerve_g7,#A1B2D1
10044,mammillotegmental_tract_mtg,#BBE7A2
10045,trigeminothalamic_tract_tth,#8FB6F1
10046,cerebral_peduncle_cp,#0DB9A4
10047,corticospinal_tract_csp,#CD10A4
10048,corticobulbar_tract_cbu,#C3D176
10049,mesencephalic_trigeminal_tract_me5,#DC6B3F
10050,medial_longitudinal_fasciculus_mlf,#2833DA
10101,Vestibulocochlear_nucleus_8N,#3E8A55
10102,Vagus_nerve_nucleus_10N,#F7590A
10103,Dorsal_motor_nucleus_of_vagus_caudal_part_10CA,#F57636
10104,Dorsal_motor_nucleus_of_vagus_caudointermediate_part_10CaI,#F79D6F
10105,Dorsal_motor_nucleus_of_vagus_centrointermediate_part_10CeI,#F2C2AA
10106,Dorsal_motor_nucleus_of_vagus_dorsointermediate_part_10DI,#B84009
10107,Dorsal_motor_nucleus_of_vagus_dorsorostral_part_10DR,#B0633C
10108,Dorsal_motor_nucleus_of_vagus_medial_fringe_10F,#A67E6A
10109,Dorsal_motor_nucleus_of_vagus_rostrointermediate_part_10RI,#734934
10110,Dorsal_motor_nucleus_of_vagus_ventrointermediate_part_10VI,#B35D32
10111,Dorsal_motor_nucleus_of_vagus_ventrorostral_part_10VR,#D16A36
10112,Accessory_nerve_nucleus_11N,#3631D4
10113,Hypoglossal_nucleus_12N,#79F011
10114,Hypoglossal_nucleus_geniohyoid_part_12GH,#96ED4A
10115,Hypoglossal_nucleus_lateral_part_12L,#BDF28F
10116,Hypoglossal_nucleus_medial_part_12M,#54A60C
10117,Hypoglossal_nucleus_ventral_part_12V,#72A843
10118,Hypoglossal_nucleus_ventrolateral_part_12VL,#768C62
10119,Gracile_nucleus_Gr,#EEF76A
10120,Cuneate_nucleus_Cu,#0A88F0
10121,Cuneate_nucleus_rotundus_part_CuR,#6DB1E8
10122,Cuneate_nucleus_triangular_part_CuT,#567996
10123,External_cuneate_nucleus_ECu,#054173
10124,Lateral_pericuneate_nucleus_LPCu,#3D62DB
10125,Medial_pericuneate_nucleus_MPCu,#093DE6
10126,Spinal_trigeminal_nucleus_Sp5,#05FAA8
10127,Spinal_trigeminal_nucleus_caudal_part_Sp5C,#308C6D
10128,Spinal_trigeminal_nucleus_caudal_part_lamina_1_Sp5C1,#A5CFC1
10129,Spinal_trigeminal_nucleus_caudal_part_lamina_2_Sp5C2,#07543A
10130,Spinal_trigeminal_nucleus_caudal_part_lamina_3_4_Sp5C3/4,#3A8C71
10131,Spinal_trigeminal_nucleus_interpolar_part_Sp5I,#486E61
10132,Spinal_trigeminal_nucleus_oral_part_Sp5O,#68E3BA
10133,Ambiguus_nucleus_Amb,#7519C6
10134,Ambiguus_nucleus_compact_part_AmbC,#AB63EB
10135,Ambiguus_nucleus_loose_part_AmbL,#CBA1F0
10136,Ambiguus_nucleus_semicompact_part_AmbSC,#63328F
10137,Retroambiguus_nucleus_RAmb,#C89D5A
10138,Intermediate_reticular_nucleus_IRt,#F2A933
10139,Solitary_nucleus_Sol,#78A590
10140,Solitary_nucleus_commissural_part_SolC,#05F786
10141,Solitary_nucleus_dorsal_part_SolD,#21EB9C
10142,Solitary_nucleus_dorsolateral_part_SolDL,#92F7C8
10143,Solitary_nucleus_gelatinous_part_SolG,#D5F5E6
10144,Solitary_nucleus_interstitial_part_SolI,#82AD99
10145,Solitary_nucleus_intermediate_part_SolIM,#437D62
10146,Solitary_nucleus_medial_part_SolM,#25A86B
10147,Solitary_nucleus_paracommissural_part_SolPaC,#245C42
10148,Solitary_nucleus_ventral_part_SolV,#6A8F7D
10149,Solitary_nucleus_ventrolateral_SolVL,#0B4A2D
10150,Inferior_olivary_nucleus_IO,#B60AFA
10151,Inferior_olivary_subnucleus_A_of_medial_nucleus_IOA,#820DA8
10152,Inferior_olivary_subnucleus_B_of_medial_nucleus_IOB,#CB5BF0
10153,Inferior_olivary_beta_subnucleus_IoBe,#C251E8
10154,Inferior_olivary_subnucleus_C_of_medial_nucleus_IOC,#7C548A
10155,Inferior_olivary_dorsal_nucleus_IOD,#BC8BCC
10156,Inferior_olivary_dorsal_nucleus_caudal_part_IODC,#7E3596
10157,Inferior_olivary_dorsomedial_cell_group_IODM,#928496
10158,Inferior_olivary_cap_of_Kooy_of_the_medial_nucleus_IOK,#7E209E
10159,Inferior_olivary_medial_nucleus_IOM,#BA1673
10160,Inferior_olivary_principal_nucleus_IOPr,#500669
10161,Inferior_olivary_ventrolateral_protrusion_IOVL,#9D5BB3
10162,Intercalated_nucleus_In,#DFE2C4
10163,Raphe_pallidus_nucleus_RPa,#B2964F
10164,Raphe_obscurus_nucleus_ROb,#7EE958
10165,Raphe_magnus_nucleus_RMg,#1EB2A5
10166,Gigantocellular_reticular_nucleus_Gi,#A7BA3D
10167,Gigantocellular_reticular_nucleus_ventral_part_GiV,#C3E607
10168,Gigantocellular_reticular_nucleus_alpha_part_GiA,#DBE892
10169,Dorsal_paragigantocellular_nucleus_DPGi,#D749FC
10170,Lateral_paragigantocellular_nucleus_LPGi,#2FE0A3
10171,Vestibular_nucleus_Ve,#24792B
10172,Lateral_vestibular_nucleus_LVe,#AC220F
10173,Medial_vestibular_nucleus_MVe,#6A5040
10174,Medial_vestibular_nucleus_magnocellular_part_MVeMC,#301C9E
10175,Medial_vestibular_nucleus_parvocellular_part_MVePC,#A498ED
10176,Paravestibular_nucleus_PaVe,#0D4CEB
10177,Inferior_vestibular_nucleus_(spinal)_SpVe,#F9F6D9
10178,Superior_vestibular_nucleus_SuVe,#67981E
10179,Nucleus_of_Roller_Ro,#32E72C
10180,Arcuate_nucleus_Ar,#F2A81D
10181,Anteroventral_cochlear_nucleus_AVC,#D7591C
10182,Dorsal_cochlear_nucleus_DC,#E88C5F
10183,Granular_cell_layer_of_the_cochlear_nucleus_GrC,#8F4D2E
10184,Ventral_cochlear_nuclear_posterior_part_VCP,#943406
10301,Motor_trigeminal_nucleus_5N,#07FAD1
10302,Motor_trigeminal_nucleus_anterior_digastric_part_5ADi,#64FAE1
10303,Motor_trigeminal_nucleus_masseter_part_5Ma,#A0FAEB
10304,Mylohyoid_subnuleus_of_the_motor_trigeminal_nucleus_5MHy,#D7F7F2
10305,Motor_trigeminal_nucleus_parvocellar_part_5PC,#03A186
10306,Motor_trigeminal_nucleus_pterygoid_part_5Pt,#4B998C
10307,Motor_trigeminal_nucleus_temporalis_part_5Te,#708C88
10308,Abducens_nucleus_6N,#B9D40B
10309,Facial_nucleus_7N,#FA008C
10310,Facial_nucleus_dorsal_intermediate_subnucleus_7DI,#F2309B
10311,Facial_nucleus_dorsomedial_subnucleus_7DM,#FA78BF
10312,Facial_nucleus_intermediate_part_7I,#F5B5D8
10313,Facial_nucleus_lateral_subnucleus_7L,#FAD7EA
10314,Facial_nucleus_ventral_intermediate_subnucleus_7VI,#960354
10315,Facial_nucleus_ventrolateral_subnucleus_7VL,#964170
10316,Facial_nucleus_ventromedial_subnucleus_7VM,#946981
10317,Pontine_nuclei_Pn,#6982E0
10318,Pontine_reticular_nucleus_caudal_part_PRC(PnC),#F6A05D
10319,Pontine_reticular_nucleus_oral_part_PRO(PnO),#853F09
10320,Raphe_pontis_nucleus_RPn,#4699ED
10321,Dorsal_raphe_nucleus_DR,#294253
10322,Dorsal_raphe_nucleus_caudal_part_DRC,#2B6C99
10323,Dorsal_raphe_nucleus_dorsal_part_DRD,#1794E8
10324,Dorsal_raphe_nucleus_interfascicular_part_DRI,#6CB1E0
10325,Dorsal_raphe_nucleus_lateral_part_DRL,#156296
10326,Dorsal_raphe_nucleus_ventral_part_DRV,#AED2EB
10327,Median_raphe_nucleus_MnR,#F88B85
10328,Paramedian_raphe_nucleus_PMnR,#C323A2
10329,Posterodorsal_raphe_nucleus_PDR,#0594F5
10330,Mesencephalic_trigeminal_nucleus_Me5,#5BBBC5
10331,Locus_coeruleus_LC,#3944B7
10332,Subcoeruleus_nucleus_SubC,#989FEB
10333,Subcoeruleus_nucleus_dorsal_part_SubCD,#4C5187
10334,Subcoeruleus_nucleus_ventral_part_SubDV,#182396
10335,Laterodorsal_tegmental_nucleus_LDTg,#BB7671
10336,Laterodorsal_tegmental_nucleus_ventral_part_LDTgV,#2B97E5
10337,Dorsal_tegmental_nucleus_central_part_DTgC,#FF30A7
10338,Dorsal_tegmental_nucleus_pericentral_part_DTgP,#AD5F2C
10339,Posterodorsal_tegmental_nucleus_PDTg,#2122F8
10340,Reticulotegmental_nucleus_RtTg,#1DF41A
10341,Reticulotegmental_nucleus_lateral_part_RtTgL,#188980
10342,Central_gray_of_the_rhombencephalon_CGPn,#AD3B47
10343,Superior_olivary_nucleus_SO,#C5868D
10344,Medial_superior_olivary_nucleus_MSO,#E63045
10345,Lateral_superior_olivary_nucleus_LSO,#E8A7AF
10346,Superior_paraolivary_nucleus_SPO,#87484F
10347,Medioventral_periolivary_nucleus_MVPO,#9E1122
10348,Lateroventral_periolivary_nucleus_LVPO,#FA5064
10349,Matrix_region_of_the_rhombencephalon_Mx,#E47CD8
10350,Lateral_parabrachial_nucleus_LPB,#5DECD5
10351,Lateral_parabrachial_nucleus_central_part_LPBC,#0DA38A
10352,Lateral_parabrachial_nucleus_dorsal_part_LPBD,#A1EDE1
10353,Lateral_parabrachial_nucleus_external_part_LPBE,#437D73
10354,Lateral_parabrachial_nucleus_superior_part_LPBS,#0C826E
10355,Medial_parabrachial_nucleus_MPB,#E08031
10356,Medial_parabrachial_nucleus_external_part_MPBE,#DEB695
10401,Oculomotor_nucleus_3N,#90D424
10402,Trochlear_nucleus_4N,#D45324
10403,Inferior_colliculus_IC,#941E9A
10404,Nucleus_of_the_brachium_of_the_inferior_colliculus_BIC,#EB05F7
10405,Central_nucleus_of_the_inferior_colliculus_CIC,#ED83F2
10406,Dorsal_cortex_of_the_inferior_colliculus_DCIC,#CDA9CF
10407,External_cortex_of_the_inferior_colliculus_ECIC,#813585
10408,Superior_colliculus_SC,#227C2B
10409,Deep_gray_layer_of_the_superior_colliculus_DpG,#89AB8C
10410,Deep_white_layer_of_the_superior_colliculus_DpWh,#DAF0DC
10411,Intermediate_gray_layer_of_the_superior_colliculus_InG,#077D13
10412,Intermediate_white_layer_of_the_superior_colliculus_InWh,#AAF0B1
10413,Superficial_gray_layer_of_the_superior_colliculus_SuG,#2C4D2B
10414,Superficial_white_layer_of_the_superior_colliculus_SuWh,#33AB3F
10415,Optic_nerve_layer_of_the_superior_colliculus_Op,#04570D
10416,Periaqueductal_gray_PAG,#CE4E6D
10417,Dorsolateral_periaqueductal_gray_DLPAG,#F20540
10418,Dorsomedial_periaqueductal_gray_DMPAG,#8F0D2D
10419,Lateral_periaqueductal_gray_LPAG,#E897AB
10420,Ventrolateral_periaqueductal_gray_VLPAG,#7D394A
10421,Red_nucleus_RN,#FA0202
10422,Red_nucleus_magnocellular_part_RMC,#F08484
10423,Red_nucleus_parvocellular_part_RPC,#872727
10424,Substantia_nigra_SN,#FCDC83
10425,Substantia_nigra_compact_part_SNC,#F5B505
10426,Substantia_nigra_compact_part_dorsal_tier_SNCD,#997103
10427,Mesencephalic_reticular_nuclei(formation)_MRN(mRt),#F0649C
10434,Ventral_tegmental_area_VTA,#8F168D
10435,Ventral_tegmental_area_rostral_part_VTAR,#C26EC0
10436,Anterior_pretectal_nucleus_APT,#030A7B
11100,ctx_lh_Unknown,#000000
11101,ctx_lh_G_and_S_frontomargin,#17DC3C
11102,ctx_lh_G_and_S_occipital_inf,#173CB4
11103,ctx_lh_G_and_S_paracentral,#3F643C
11104,ctx_lh_G_and_S_subcentral,#3F14DC
11105,ctx_lh_G_and_S_transv_frontopol,#0D00FA
11106,ctx_lh_G_and_S_cingul-Ant,#1A3C00
11107,ctx_lh_G_and_S_cingul-Mid-Ant,#1A3C4B
11108,ctx_lh_G_and_S_cingul-Mid-Post,#1A3C96
11109,ctx_lh_G_cingul-Post-dorsal,#193CFA
11110,ctx_lh_G_cingul-Post-ventral,#3C1919
11111,ctx_lh_G_cuneus,#B41414
11112,ctx_lh_G_front_inf-Opercular,#DC1464
11113,ctx_lh_G_front_inf-Orbital,#8C3C3C
11114,ctx_lh_G_front_inf-Triangul,#B4DC8C
11115,ctx_lh_G_front_middle,#8C64B4
11116,ctx_lh_G_front_sup,#B4148C
11117,ctx_lh_G_Ins_lg_and_S_cent_ins,#170A0A
11118,ctx_lh_G_insular_short,#E18C8C
11119,ctx_lh_G_occipital_middle,#B43CB4
11120,ctx_lh_G_occipital_sup,#14DC3C
11121,ctx_lh_G_oc-temp_lat-fusifor,#3C148C
11122,ctx_lh_G_oc-temp_med-Lingual,#DCB48C
11123,ctx_lh_G_oc-temp_med-Parahip,#416414
11124,ctx_lh_G_orbital,#DC3C14
11125,ctx_lh_G_pariet_inf-Angular,#143CDC
11126,ctx_lh_G_pariet_inf-Supramar,#64643C
11127,ctx_lh_G_parietal_sup,#DCB4DC
11128,ctx_lh_G_postcentral,#14B48C
11129,ctx_lh_G_precentral,#3C8CB4
11130,ctx_lh_G_precuneus,#19148C
11131,ctx_lh_G_rectus,#143C64
11132,ctx_lh_G_subcallosal,#3CDC14
11133,ctx_lh_G_temp_sup-G_T_transv,#3C3CDC
11134,ctx_lh_G_temp_sup-Lateral,#DC3CDC
11135,ctx_lh_G_temp_sup-Plan_polar,#41DC3C
11136,ctx_lh_G_temp_sup-Plan_tempo,#198C14
11137,ctx_lh_G_temporal_inf,#DCDC64
11138,ctx_lh_G_temporal_middle,#B43C3C
11139,ctx_lh_Lat_Fis-ant-Horizont,#3D14DC
11140,ctx_lh_Lat_Fis-ant-Vertical,#3D143C
11141,ctx_lh_Lat_Fis-post,#3D3C64
11142,ctx_lh_Medial_wall,#191919
11143,ctx_lh_Pole_occipital,#8C143C
11144,ctx_lh_Pole_temporal,#DCB414
11145,ctx_lh_S_calcarine,#3FB4B4
11146,ctx_lh_S_central,#DD140A
11147,ctx_lh_S_cingul-Marginalis,#DD1464
11148,ctx_lh_S_circular_insula_ant,#DD3C8C
11149,ctx_lh_S_circular_insula_inf,#DD14DC
11150,ctx_lh_S_circular_insula_sup,#3DDCDC
11151,ctx_lh_S_collat_transv_ant,#64C8C8
11152,ctx_lh_S_collat_transv_post,#0AC8C8
11153,ctx_lh_S_front_inf,#DDDC14
11154,ctx_lh_S_front_middle,#8D1464
11155,ctx_lh_S_front_sup,#3DDC64
11156,ctx_lh_S_interm_prim-Jensen,#8D3C14
11157,ctx_lh_S_intrapariet_and_P_trans,#8F14DC
11158,ctx_lh_S_oc_middle_and_Lunatus,#653CDC
11159,ctx_lh_S_oc_sup_and_transversal,#15148C
11160,ctx_lh_S_occipital_ant,#3D14B4
11161,ctx_lh_S_oc-temp_lat,#DD8C14
11162,ctx_lh_S_oc-temp_med_and_Lingual,#8D64DC
11163,ctx_lh_S_orbital_lateral,#DD6414
11164,ctx_lh_S_orbital_med-olfact,#B5C814
11165,ctx_lh_S_orbital-H_Shaped,#651414
11166,ctx_lh_S_parieto_occipital,#6564B4
11167,ctx_lh_S_pericallosal,#B5DC14
11168,ctx_lh_S_postcentral,#158CC8
11169,ctx_lh_S_precentral-inf-part,#1514F0
11170,ctx_lh_S_precentral-sup-part,#1514C8
11171,ctx_lh_S_suborbital,#15143C
11172,ctx_lh_S_subparietal,#653C3C
11173,ctx_lh_S_temporal_inf,#15B4B4
11174,ctx_lh_S_temporal_sup,#DFDC3C
11175,ctx_lh_S_temporal_transverse,#DD3C3C
11300,ctx_lh_high_myelin,#EB3E4E
12100,ctx_rh_Unknown,#000000
12101,ctx_rh_G_and_S_frontomargin,#17DC3C
12102,ctx_rh_G_and_S_occipital_inf,#173CB4
12103,ctx_rh_G_and_S_paracentral,#3F643C
12104,ctx_rh_G_and_S_subcentral,#3F14DC
12105,ctx_rh_G_and_S_transv_frontopol,#0D00FA
12106,ctx_rh_G_and_S_cingul-Ant,#1A3C00
12107,ctx_rh_G_and_S_cingul-Mid-Ant,#1A3C4B
12108,ctx_rh_G_and_S_cingul-Mid-Post,#1A3C96
12109,ctx_rh_G_cingul-Post-dorsal,#193CFA
12110,ctx_rh_G_cingul-Post-ventral,#3C1919
12111,ctx_rh_G_cuneus,#B41414
12112,ctx_rh_G_front_inf-Opercular,#DC1464
12113,ctx_rh_G_front_inf-Orbital,#8C3C3C
12114,ctx_rh_G_front_inf-Triangul,#B4DC8C
12115,ctx_rh_G_front_middle,#8C64B4
12116,ctx_rh_G_front_sup,#B4148C
12117,ctx_rh_G_Ins_lg_and_S_cent_ins,#170A0A
12118,ctx_rh_G_insular_short,#E18C8C
12119,ctx_rh_G_occipital_middle,#B43CB4
12120,ctx_rh_G_occipital_sup,#14DC3C
12121,ctx_rh_G_oc-temp_lat-fusifor,#3C148C
12122,ctx_rh_G_oc-temp_med-Lingual,#DCB48C
12123,ctx_rh_G_oc-temp_med-Parahip,#416414
12124,ctx_rh_G_orbital,#DC3C14
12125,ctx_rh_G_pariet_inf-Angular,#143CDC
12126,ctx_rh_G_pariet_inf-Supramar,#64643C
12127,ctx_rh_G_parietal_sup,#DCB4DC
12128,ctx_rh_G_postcentral,#14B48C
12129,ctx_rh_G_precentral,#3C8CB4
12130,ctx_rh_G_precuneus,#19148C
12131,ctx_rh_G_rectus,#143C64
12132,ctx_rh_G_subcallosal,#3CDC14
12133,ctx_rh_G_temp_sup-G_T_transv,#3C3CDC
12134,ctx_rh_G_temp_sup-Lateral,#DC3CDC
12135,ctx_rh_G_temp_sup-Plan_polar,#41DC3C
12136,ctx_rh_G_temp_sup-Plan_tempo,#198C14
12137,ctx_rh_G_temporal_inf,#DCDC64
12138,ctx_rh_G_temporal_middle,#B43C3C
12139,ctx_rh_Lat_Fis-ant-Horizont,#3D14DC
12140,ctx_rh_Lat_Fis-ant-Vertical,#3D143C
12141,ctx_rh_Lat_Fis-post,#3D3C64
12142,ctx_rh_Medial_wall,#191919
12143,ctx_rh_Pole_occipital,#8C143C
12144,ctx_rh_Pole_temporal,#DCB414
12145,ctx_rh_S_calcarine,#3FB4B4
12146,ctx_rh_S_central,#DD140A
12147,ctx_rh_S_cingul-Marginalis,#DD1464
12148,ctx_rh_S_circular_insula_ant,#DD3C8C
12149,ctx_rh_S_circular_insula_inf,#DD14DC
12150,ctx_rh_S_circular_insula_sup,#3DDCDC
12151,ctx_rh_S_collat_transv_ant,#64C8C8
12152,ctx_rh_S_collat_transv_post,#0AC8C8
12153,ctx_rh_S_front_inf,#DDDC14
12154,ctx_rh_S_front_middle,#8D1464
12155,ctx_rh_S_front_sup,#3DDC64
12156,ctx_rh_S_interm_prim-Jensen,#8D3C14
12157,ctx_rh_S_intrapariet_and_P_trans,#8F14DC
12158,ctx_rh_S_oc_middle_and_Lunatus,#653CDC
12159,ctx_rh_S_oc_sup_and_transversal,#15148C
12160,ctx_rh_S_occipital_ant,#3D14B4
12161,ctx_rh_S_oc-temp_lat,#DD8C14
12162,ctx_rh_S_oc-temp_med_and_Lingual,#8D64DC
12163,ctx_rh_S_orbital_lateral,#DD6414
12164,ctx_rh_S_orbital_med-olfact,#B5C814
12165,ctx_rh_S_orbital-H_Shaped,#651414
12166,ctx_rh_S_parieto_occipital,#6564B4
12167,ctx_rh_S_pericallosal,#B5DC14
12168,ctx_rh_S_postcentral,#158CC8
12169,ctx_rh_S_precentral-inf-part,#1514F0
12170,ctx_rh_S_precentral-sup-part,#1514C8
12171,ctx_rh_S_suborbital,#15143C
12172,ctx_rh_S_subparietal,#653C3C
12173,ctx_rh_S_temporal_inf,#15B4B4
12174,ctx_rh_S_temporal_sup,#DFDC3C
12175,ctx_rh_S_temporal_transverse,#DD3C3C
12300,ctx_rh_high_myelin,#EB524E
13100,wm_lh_Unknown,#000000
13101,wm_lh_G_and_S_frontomargin,#17DC3C
13102,wm_lh_G_and_S_occipital_inf,#173CB4
13103,wm_lh_G_and_S_paracentral,#3F643C
13104,wm_lh_G_and_S_subcentral,#3F14DC
13105,wm_lh_G_and_S_transv_frontopol,#0D00FA
13106,wm_lh_G_and_S_cingul-Ant,#1A3C00
13107,wm_lh_G_and_S_cingul-Mid-Ant,#1A3C4B
13108,wm_lh_G_and_S_cingul-Mid-Post,#1A3C96
13109,wm_lh_G_cingul-Post-dorsal,#193CFA
13110,wm_lh_G_cingul-Post-ventral,#3C1919
13111,wm_lh_G_cuneus,#B41414
13112,wm_lh_G_front_inf-Opercular,#DC1464
13113,wm_lh_G_front_inf-Orbital,#8C3C3C
13114,wm_lh_G_front_inf-Triangul,#B4DC8C
13115,wm_lh_G_front_middle,#8C64B4
13116,wm_lh_G_front_sup,#B4148C
13117,wm_lh_G_Ins_lg_and_S_cent_ins,#170A0A
13118,wm_lh_G_insular_short,#E18C8C
13119,wm_lh_G_occipital_middle,#B43CB4
13120,wm_lh_G_occipital_sup,#14DC3C
13121,wm_lh_G_oc-temp_lat-fusifor,#3C148C
13122,wm_lh_G_oc-temp_med-Lingual,#DCB48C
13123,wm_lh_G_oc-temp_med-Parahip,#416414
13124,wm_lh_G_orbital,#DC3C14
13125,wm_lh_G_pariet_inf-Angular,#143CDC
13126,wm_lh_G_pariet_inf-Supramar,#64643C
13127,wm_lh_G_parietal_sup,#DCB4DC
13128,wm_lh_G_postcentral,#14B48C
13129,wm_lh_G_precentral,#3C8CB4
13130,wm_lh_G_precuneus,#19148C
13131,wm_lh_G_rectus,#143C64
13132,wm_lh_G_subcallosal,#3CDC14
13133,wm_lh_G_temp_sup-G_T_transv,#3C3CDC
13134,wm_lh_G_temp_sup-Lateral,#DC3CDC
13135,wm_lh_G_temp_sup-Plan_polar,#41DC3C
13136,wm_lh_G_temp_sup-Plan_tempo,#198C14
13137,wm_lh_G_temporal_inf,#DCDC64
13138,wm_lh_G_temporal_middle,#B43C3C
13139,wm_lh_Lat_Fis-ant-Horizont,#3D14DC
13140,wm_lh_Lat_Fis-ant-Vertical,#3D143C
13141,wm_lh_Lat_Fis-post,#3D3C64
13142,wm_lh_Medial_wall,#191919
13143,wm_lh_Pole_occipital,#8C143C
13144,wm_lh_Pole_temporal,#DCB414
13145,wm_lh_S_calcarine,#3FB4B4
13146,wm_lh_S_central,#DD140A
13147,wm_lh_S_cingul-Marginalis,#DD1464
13148,wm_lh_S_circular_insula_ant,#DD3C8C
13149,wm_lh_S_circular_insula_inf,#DD14DC
13150,wm_lh_S_circular_insula_sup,#3DDCDC
13151,wm_lh_S_collat_transv_ant,#64C8C8
13152,wm_lh_S_collat_transv_post,#0AC8C8
13153,wm_lh_S_front_inf,#DDDC14
13154,wm_lh_S_front_middle,#8D1464
13155,wm_lh_S_front_sup,#3DDC64
13156,wm_lh_S_interm_prim-Jensen,#8D3C14
13157,wm_lh_S_intrapariet_and_P_trans,#8F14DC
13158,wm_lh_S_oc_middle_and_Lunatus,#653CDC
13159,wm_lh_S_oc_sup_and_transversal,#15148C
13160,wm_lh_S_occipital_ant,#3D14B4
13161,wm_lh_S_oc-temp_lat,#DD8C14
13162,wm_lh_S_oc-temp_med_and_Lingual,#8D64DC
13163,wm_lh_S_orbital_lateral,#DD6414
13164,wm_lh_S_orbital_med-olfact,#B5C814
13165,wm_lh_S_orbital-H_Shaped,#651414
13166,wm_lh_S_parieto_occipital,#6564B4
13167,wm_lh_S_pericallosal,#B5DC14
13168,wm_lh_S_postcentral,#158CC8
13169,wm_lh_S_precentral-inf-part,#1514F0
13170,wm_lh_S_precentral-sup-part,#1514C8
13171,wm_lh_S_suborbital,#15143C
13172,wm_lh_S_subparietal,#653C3C
13173,wm_lh_S_temporal_inf,#15B4B4
13174,wm_lh_S_temporal_sup,#DFDC3C
13175,wm_lh_S_temporal_transverse,#DD3C3C
14100,wm_rh_Unknown,#000000
14101,wm_rh_G_and_S_frontomargin,#17DC3C
14102,wm_rh_G_and_S_occipital_inf,#173CB4
14103,wm_rh_G_and_S_paracentral,#3F643C
14104,wm_rh_G_and_S_subcentral,#3F14DC
14105,wm_rh_G_and_S_transv_frontopol,#0D00FA
14106,wm_rh_G_and_S_cingul-Ant,#1A3C00
14107,wm_rh_G_and_S_cingul-Mid-Ant,#1A3C4B
14108,wm_rh_G_and_S_cingul-Mid-Post,#1A3C96
14109,wm_rh_G_cingul-Post-dorsal,#193CFA
14110,wm_rh_G_cingul-Post-ventral,#3C1919
14111,wm_rh_G_cuneus,#B41414
14112,wm_rh_G_front_inf-Opercular,#DC1464
14113,wm_rh_G_front_inf-Orbital,#8C3C3C
14114,wm_rh_G_front_inf-Triangul,#B4DC8C
14115,wm_rh_G_front_middle,#8C64B4
14116,wm_rh_G_front_sup,#B4148C
14117,wm_rh_G_Ins_lg_and_S_cent_ins,#170A0A
14118,wm_rh_G_insular_short,#E18C8C
14119,wm_rh_G_occipital_middle,#B43CB4
14120,wm_rh_G_occipital_sup,#14DC3C
14121,wm_rh_G_oc-temp_lat-fusifor,#3C148C
14122,wm_rh_G_oc-temp_med-Lingual,#DCB48C
14123,wm_rh_G_oc-temp_med-Parahip,#416414
14124,wm_rh_G_orbital,#DC3C14
14125,wm_rh_G_pariet_inf-Angular,#143CDC
14126,wm_rh_G_pariet_inf-Supramar,#64643C
14127,wm_rh_G_parietal_sup,#DCB4DC
14128,wm_rh_G_postcentral,#14B48C
14129,wm_rh_G_precentral,#3C8CB4
14130,wm_rh_G_precuneus,#19148C
14131,wm_rh_G_rectus,#143C64
14132,wm_rh_G_subcallosal,#3CDC14
14133,wm_rh_G_temp_sup-G_T_transv,#3C3CDC
14134,wm_rh_G_temp_sup-Lateral,#DC3CDC
14135,wm_rh_G_temp_sup-Plan_polar,#41DC3C
14136,wm_rh_G_temp_sup-Plan_tempo,#198C14
14137,wm_rh_G_temporal_inf,#DCDC64
14138,wm_rh_G_temporal_middle,#B43C3C
14139,wm_rh_Lat_Fis-ant-Horizont,#3D14DC
14140,wm_rh_Lat_Fis-ant-Vertical,#3D143C
14141,wm_rh_Lat_Fis-post,#3D3C64
14142,wm_rh_Medial_wall,#191919
14143,wm_rh_Pole_occipital,#8C143C
14144,wm_rh_Pole_temporal,#DCB414
14145,wm_rh_S_calcarine,#3FB4B4
14146,wm_rh_S_central,#DD140A
14147,wm_rh_S_cingul-Marginalis,#DD1464
14148,wm_rh_S_circular_insula_ant,#DD3C8C
14149,wm_rh_S_circular_insula_inf,#DD14DC
14150,wm_rh_S_circular_insula_sup,#3DDCDC
14151,wm_rh_S_collat_transv_ant,#64C8C8
14152,wm_rh_S_collat_transv_post,#0AC8C8
14153,wm_rh_S_front_inf,#DDDC14
14154,wm_rh_S_front_middle,#8D1464
14155,wm_rh_S_front_sup,#3DDC64
14156,wm_rh_S_interm_prim-Jensen,#8D3C14
14157,wm_rh_S_intrapariet_and_P_trans,#8F14DC
14158,wm_rh_S_oc_middle_and_Lunatus,#653CDC
14159,wm_rh_S_oc_sup_and_transversal,#15148C
14160,wm_rh_S_occipital_ant,#3D14B4
14161,wm_rh_S_oc-temp_lat,#DD8C14
14162,wm_rh_S_oc-temp_med_and_Lingual,#8D64DC
14163,wm_rh_S_orbital_lateral,#DD6414
14164,wm_rh_S_orbital_med-olfact,#B5C814
14165,wm_rh_S_orbital-H_Shaped,#651414
14166,wm_rh_S_parieto_occipital,#6564B4
14167,wm_rh_S_pericallosal,#B5DC14
14168,wm_rh_S_postcentral,#158CC8
14169,wm_rh_S_precentral-inf-part,#1514F0
14170,wm_rh_S_precentral-sup-part,#1514C8
14171,wm_rh_S_suborbital,#15143C
14172,wm_rh_S_subparietal,#653C3C
14173,wm_rh_S_temporal_inf,#15B4B4
14174,wm_rh_S_temporal_sup,#DFDC3C
14175,wm_rh_S_temporal_transverse,#DD3C3C
15000,yeo7_lh_Unknown,#000000
15001,yeo7_lh_Net_1,#781286
15002,yeo7_lh_Net_2,#4682B4
15003,yeo7_lh_Net_3,#00760E
15004,yeo7_lh_Net_4,#C43AFA
15005,yeo7_lh_Net_5,#DCF8A4
15006,yeo7_lh_Net_6,#E69422
15007,yeo7_lh_Net_7,#CD3E4E
15010,yeo7_rh_Net_Unknown,#000000
15011,yeo7_rh_Net_1,#781286
15012,yeo7_rh_Net_2,#4682B4
15013,yeo7_rh_Net_3,#00760E
15014,yeo7_rh_Net_4,#C43AFA
15015,yeo7_rh_Net_5,#DCF8A4
15016,yeo7_rh_Net_6,#E69422
15017,yeo7_rh_Net_7,#CD3E4E
15100,yeo17_lh_Net_Unknown,#000000
15101,yeo17_lh_Net_1,#781286
15102,yeo17_lh_Net_2,#FF0000
15103,yeo17_lh_Net_3,#4682B4
15104,yeo17_lh_Net_4,#2ACCA4
15105,yeo17_lh_Net_5,#4A9B3C
15106,yeo17_lh_Net_6,#00760E
15107,yeo17_lh_Net_7,#C43AFA
15108,yeo17_lh_Net_8,#FF98D5
15109,yeo17_lh_Net_9,#DCF8A4
15110,yeo17_lh_Net_10,#7A8732
15111,yeo17_lh_Net_11,#778CB0
15112,yeo17_lh_Net_12,#E69422
15113,yeo17_lh_Net_13,#87324A
15114,yeo17_lh_Net_14,#0C30FF
15115,yeo17_lh_Net_15,#000082
15116,yeo17_lh_Net_16,#FFFF00
15117,yeo17_lh_Net_17,#CD3E4E
15120,yeo17_rh_Net_Unknown,#000000
15121,yeo17_rh_Net_1,#781286
15122,yeo17_rh_Net_2,#FF0000
15123,yeo17_rh_Net_3,#4682B4
15124,yeo17_rh_Net_4,#2ACCA4
15125,yeo17_rh_Net_5,#4A9B3C
15126,yeo17_rh_Net_6,#00760E
15127,yeo17_rh_Net_7,#C43AFA
15128,yeo17_rh_Net_8,#FF98D5
15129,yeo17_rh_Net_9,#DCF8A4
15130,yeo17_rh_Net_10,#7A8732
15131,yeo17_rh_Net_11,#778CB0
15132,yeo17_rh_Net_12,#E69422
15133,yeo17_rh_Net_13,#87324A
15134,yeo17_rh_Net_14,#0C30FF
15135,yeo17_rh_Net_15,#000082
15136,yeo17_rh_Net_16,#FFFF00
15137,yeo17_rh_Net_17,#CD3E4E
